id,class
10003,7
10005,13
10006,6
10007,1
10012,1
10013,3
10014,12
10016,11
10017,1
10018,11
10019,6
10020,13
10021,6
10022,3
10024,10
10025,9
10026,3
10028,8
10029,16
10030,13
10031,3
10033,18
10036,12
10037,17
10038,12
10039,2
10042,14
10046,16
10047,2
10049,1
10050,8
10052,6
10053,1
10054,3
10055,7
10056,5
10058,11
10059,8
10062,20
10064,15
10065,9
10066,17
10067,5
10070,15
10071,20
10072,8
10074,16
10075,16
10076,1
10077,11
10078,3
10079,12
10081,4
10082,1
10085,9
10086,18
10087,17
10088,6
10090,11
10091,10
10092,13
10094,3
10096,18
10098,10
10100,18
10101,17
10103,17
10106,4
10108,9
10109,19
10110,4
10111,18
10112,19
10113,20
10114,10
10117,17
10119,16
10120,11
10121,15
10122,2
10124,2
10125,20
10128,8
10132,6
10133,7
10135,19
10138,8
10140,13
10142,8
10143,15
10144,11
10145,12
10146,18
10150,6
10153,14
10154,2
10155,6
10159,3
10161,19
10163,16
10164,10
10165,5
10166,15
10168,11
10169,16
10170,5
10172,1
10173,16
10174,9
10176,13
10178,12
10179,15
10181,17
10183,17
10185,3
10186,18
10187,20
10188,16
10189,16
10191,18
10192,4
10193,9
10196,14
10199,7
10200,12
10201,13
10205,5
10206,20
10207,16
10208,10
10211,13
10212,4
10213,3
10214,14
10215,14
10216,20
10217,20
10218,10
10219,12
10220,5
10221,19
10222,19
10224,20
10225,13
10227,9
10228,16
10229,12
10230,15
10231,19
10233,2
10234,8
10238,5
10239,2
10240,6
10243,4
10245,9
10249,4
10252,8
10253,19
10254,7
10255,17
10257,4
10258,3
10262,6
10266,17
10268,12
10270,6
10271,17
10272,4
10274,2
10275,2
10277,3
10278,9
10279,15
10280,14
10281,10
10282,9
10283,3
10284,11
10286,12
10288,19
10289,19
10290,14
10292,8
10293,8
10294,13
10295,18
10297,12
10298,11
10299,2
10302,17
10303,9
10306,10
10307,5
10308,13
10311,20
10312,17
10313,7
10314,17
10315,14
10316,18
10317,4
10318,18
10319,13
10321,10
10326,19
10327,19
10328,10
10330,7
10331,3
10332,11
10333,12
10334,8
10335,16
10339,18
10340,9
10342,8
10343,7
10344,12
10345,16
10346,7
10347,10
10348,13
10349,18
10350,4
10353,13
10355,11
10356,14
10360,7
10362,10
10363,17
10365,12
10367,2
10368,17
10371,12
10372,12
10373,9
10376,4
10378,9
10379,4
10380,14
10383,10
10385,17
10386,2
10387,1
10388,19
10391,20
10393,12
10395,2
10396,6
10397,11
10398,6
10399,8
10400,15
10401,14
10403,7
10405,11
10407,18
10408,9
10411,3
10413,6
10415,11
10416,20
10419,7
10421,5
10422,17
10424,17
10425,1
10428,18
10429,16
10430,14
10431,6
10432,2
10433,10
10436,16
10437,9
10438,17
10439,12
10440,8
10442,13
10443,12
10444,8
10445,11
10446,4
10447,17
10448,4
10449,6
10450,20
10451,13
10454,14
10455,11
10456,1
10457,18
10458,18
10459,9
10460,10
10463,19
10464,13
10465,11
10469,13
10470,4
10471,12
10473,14
10474,17
10475,20
10477,4
10478,14
10479,15
10481,2
10482,20
10483,9
10486,9
10487,4
10490,15
10491,10
10492,4
10495,17
10496,14
10499,13
10501,10
10502,9
10503,19
10504,12
10505,9
10506,1
10508,6
10509,17
10510,17
10512,16
10513,7
10514,3
10515,8
10516,12
10517,7
10518,12
10520,14
10522,14
10523,12
10525,14
10527,12
10528,14
10529,1
10531,12
10532,6
10533,2
10534,11
10537,4
10540,10
10541,13
10542,3
10543,9
10544,10
10545,19
10546,4
10547,3
10548,14
10549,15
10550,8
10551,12
10553,4
10555,1
10557,14
10559,17
10561,19
10562,8
10563,10
10565,20
10567,12
10568,15
10572,10
10573,18
10574,13
10576,13
10578,16
10579,13
10580,7
10581,4
10582,2
10586,15
10587,18
10588,4
10590,19
10591,11
10593,13
10597,15
10598,19
10599,1
10600,18
10602,10
10603,9
10604,9
10605,17
10608,7
10609,1
10610,14
10611,1
10612,20
10614,6
10616,13
10617,18
10619,4
10620,20
10622,11
10623,5
10624,12
10625,15
10627,18
10630,8
10631,9
10632,3
10635,10
10636,12
10637,4
10639,10
10640,20
10641,12
10645,20
10648,2
10649,11
10650,14
10651,14
10652,3
10654,11
10658,12
10659,19
10660,5
10661,1
10662,17
10663,2
10664,17
10665,14
10667,18
10672,1
10673,12
10674,2
10675,1
10677,16
10678,3
10680,4
10681,19
10683,19
10689,10
10690,4
10692,9
10694,8
10695,14
10696,19
10697,11
10698,1
10699,15
10701,11
10702,1
10703,16
10706,10
10708,7
10709,7
10710,2
10712,4
10713,2
10714,5
10715,16
10720,9
10721,18
10722,19
10723,8
10724,9
10726,6
10727,16
10728,13
10731,1
10733,5
10734,10
10735,15
10740,2
10741,19
10742,12
10743,18
10745,14
10746,13
10747,5
10748,1
10752,20
10754,2
10758,9
10762,18
10764,15
10765,17
10766,20
10769,10
10771,17
10773,18
10775,16
10780,17
10781,3
10782,6
10785,9
10787,15
10788,10
10789,18
10790,15
10791,11
10792,18
10793,2
10794,14
10796,15
10797,14
10799,19
10800,6
10801,11
10802,18
10804,8
10805,11
10808,3
10809,6
10810,20
10811,11
10813,18
10815,2
10817,19
10818,4
10820,4
10822,19
10823,18
10824,3
10826,4
10828,14
10829,4
10830,12
10831,15
10834,12
10835,7
10836,3
10841,15
10843,15
10844,18
10845,17
10846,17
10848,3
10849,4
10850,7
10851,4
10853,17
10855,8
10857,15
10858,5
10860,13
10864,8
10867,11
10869,11
10871,14
10872,18
10876,3
10877,3
10878,1
10879,11
10880,5
10882,10
10884,6
10889,18
10893,5
10895,13
10897,12
10898,8
10899,14
10901,3
10902,12
10903,16
10904,13
10906,16
10907,9
10909,3
10911,8
10912,16
10913,9
10914,19
10915,11
10916,17
10918,10
10919,5
10921,18
10922,11
10923,17
10924,12
10925,14
10927,20
10928,19
10929,14
10930,16
10931,13
10932,14
10933,4
10934,18
10935,13
10936,20
10937,8
10939,6
10940,8
10941,3
10942,3
10944,16
10945,9
10947,15
10948,1
10949,13
10951,15
10954,4
10955,2
10956,6
10960,7
10961,2
10963,16
10964,6
10968,15
10969,1
10971,14
10973,19
10975,20
10976,5
10977,11
10978,6
10981,5
10982,1
10983,12
10984,11
10985,9
10987,1
10991,2
10992,6
10993,6
10994,5
10995,14
10998,12
11000,16
11001,5
11002,14
11004,20
11005,12
11007,9
11008,15
11009,19
11010,19
11011,17
11012,15
11013,10
11014,15
11017,9
11018,19
11019,15
11020,2
11021,3
11024,1
11026,5
11027,9
11028,2
11029,15
11031,14
11033,6
11034,14
11035,15
11036,7
11038,12
11040,14
11041,17
11042,18
11043,20
11044,1
11045,14
11046,19
11047,6
11049,5
11050,3
11053,8
11056,9
11057,16
11058,13
11060,17
11062,9
11063,15
11064,19
11065,4
11067,8
11068,5
11070,1
11071,12
11072,14
11074,18
11076,9
11077,7
11078,2
11079,5
11081,2
11082,1
11083,19
11084,10
11086,4
11087,20
11088,8
11089,14
11090,13
11092,11
11093,10
11094,10
11095,17
11097,14
11098,16
11099,2
11102,13
11105,16
11106,19
11109,11
11110,11
11111,3
11112,12
11113,19
11114,6
11115,8
11116,9
11117,3
11118,18
11119,4
11120,15
11121,11
11123,1
11127,12
11128,7
11129,8
11130,3
11131,10
11133,4
11135,9
11137,1
11138,6
11139,10
11140,14
11142,12
11143,13
11146,1
11147,4
11148,4
11149,10
11150,14
11151,16
11153,12
11155,6
11157,15
11158,6
11160,6
11161,2
11163,14
11164,8
11167,19
11168,7
11169,6
11171,8
11173,7
11174,9
11176,4
11178,7
11180,7
11182,2
11183,19
11184,2
11185,8
11186,16
11190,10
11192,6
11193,6
11194,18
11195,9
11196,11
11198,7
11199,13
11200,8
11202,12
11204,13
11205,1
11208,10
11209,7
11211,2
11212,4
11213,13
11215,19
11216,14
11217,11
11218,6
11219,10
11220,13
11221,16
11222,1
11224,15
11227,14
11230,17
11231,18
11232,16
11234,8
11235,6
11239,13
11241,9
11243,13
11244,8
11245,19
11247,5
11248,17
11250,6
11252,1
11253,11
11255,9
11256,8
11257,10
11258,7
11259,19
11260,19
11261,12
11262,12
11264,8
11266,7
11267,10
11268,1
11270,5
11271,6
11273,13
11275,12
11276,7
11278,16
11279,5
11280,6
11283,16
11287,13
11288,4
11290,3
11292,10
11295,8
11296,14
11297,12
11299,14
11300,6
11301,15
11303,15
11304,13
11305,12
11306,3
11308,3
11309,3
11310,8
11313,11
11314,3
11319,13
11320,5
11321,18
11323,18
11324,17
11325,2
11326,4
11327,8
11328,10
11331,12
11334,1
11336,7
11339,3
11340,10
11341,13
11344,9
11345,3
11346,5
11347,20
11348,12
11349,5
11350,3
11351,11
11356,18
11363,20
11364,12
11368,8
11369,15
11370,14
11371,19
11373,16
11375,14
11377,14
11378,6
11379,7
11380,19
11383,13
11384,2
11385,10
11386,17
11387,20
11389,14
11390,5
11391,14
11395,14
11396,11
11398,2
11399,6
11402,18
11403,1
11405,1
11406,7
11407,11
11408,12
11409,7
11410,13
11412,1
11413,11
11414,16
11420,6
11421,10
11422,4
11423,18
11425,5
11426,18
11428,2
11429,11
11431,16
11433,14
11434,12
11437,10
11438,1
11441,9
11443,5
11444,1
11446,12
11448,2
11449,1
11451,4
11453,20
11454,3
11455,18
11456,8
11460,18
11461,5
11466,4
11467,10
11468,7
11469,4
11471,7
11473,18
11475,8
11477,8
11478,18
11479,8
11480,17
11481,15
11483,20
11485,20
11486,14
11487,2
11488,5
11489,11
11490,15
11493,2
11495,16
11496,1
11497,2
11498,10
11499,19
11501,4
11502,2
11503,3
11505,3
11506,7
11507,1
11509,16
11510,20
11511,11
11514,16
11515,1
11516,19
11518,6
11519,3
11521,20
11523,20
11524,1
11525,14
11526,16
11527,4
11528,15
11529,3
11531,13
11532,3
11534,2
11535,10
11536,2
11537,6
11538,4
11539,10
11541,15
11542,11
11544,4
11547,15
11548,11
11549,11
11552,12
11553,15
11555,14
11557,13
11558,7
11559,17
11560,18
11561,3
11563,11
11564,8
11565,3
11567,5
11568,3
11569,3
11570,15
11571,14
11572,14
11573,5
11577,20
11580,11
11581,12
11582,6
11583,11
11584,2
11585,15
11586,4
11587,16
11588,4
11589,10
11590,11
11592,17
11596,9
11598,14
11599,1
11600,5
11601,6
11602,9
11603,6
11605,2
11607,20
11608,10
11609,6
11611,8
11616,16
11618,18
11619,6
11620,7
11622,2
11623,17
11625,7
11626,15
11627,15
11628,3
11630,15
11631,2
11632,16
11633,17
11635,9
11636,1
11637,9
11638,16
11639,14
11640,6
11641,19
11644,14
11645,17
11646,6
11648,12
11649,3
11652,4
11653,16
11654,7
11655,12
11656,19
11658,7
11660,15
11661,20
11662,9
11663,10
11664,13
11665,17
11666,1
11668,2
11669,11
11670,3
11671,3
11672,12
11674,16
11676,10
11677,17
11679,11
11682,5
11686,18
11687,4
11689,10
11690,5
11692,6
11696,15
11698,18
11699,19
11701,13
11702,10
11703,8
11706,12
11707,1
11708,3
11709,2
11710,12
11711,13
11714,1
11715,14
11717,3
11718,3
11720,12
11721,15
11722,1
11724,9
11725,20
11727,6
11728,15
11729,14
11730,1
11731,5
11734,2
11735,3
11736,7
11738,12
11740,15
11741,17
11742,9
11743,8
11744,14
11745,5
11746,14
11747,2
11749,11
11751,16
11752,20
11753,6
11754,16
11755,13
11757,12
11758,19
11760,10
11761,10
11762,6
11763,5
11765,5
11768,8
11770,9
11771,20
11772,6
11773,11
11774,8
11776,1
11780,6
11781,13
11782,11
11784,1
11785,4
11788,19
11790,18
11791,2
11793,10
11794,4
11797,18
11799,13
11800,19
11801,3
11802,18
11803,4
11804,19
11805,12
11806,4
11807,4
11808,8
11809,9
11810,16
11811,2
11812,11
11813,13
11814,16
11815,20
11816,14
11817,15
11818,15
11819,7
11822,8
11825,20
11826,12
11827,19
11828,7
11829,5
11830,3
11831,18
11832,3
11833,17
11836,8
11837,2
11838,6
11840,3
11843,11
11845,18
11848,15
11850,7
11853,17
11854,13
11855,5
11858,13
11861,9
11862,15
11863,11
11864,1
11865,19
11869,12
11870,4
11871,15
11873,9
11874,17
11876,1
11877,18
11878,19
11879,13
11880,20
11881,16
11882,7
11884,6
11885,11
11886,8
11889,2
11890,15
11892,7
11893,15
11894,3
11896,16
11897,17
11899,3
11900,17
11901,11
11902,1
11905,18
11906,4
11907,1
11908,1
11909,1
11910,1
11911,8
11914,5
11915,15
11917,1
11918,3
11919,12
11922,14
11928,2
11929,11
11930,10
11931,8
11932,16
11933,4
11934,6
11936,10
11937,16
11938,13
11940,20
11943,5
11951,19
11955,8
11956,15
11957,6
11958,10
11959,2
11960,10
11967,16
11968,3
11969,16
11970,13
11972,17
11973,2
11975,15
11976,1
11977,9
11978,19
11979,5
11980,5
11981,13
11983,14
11989,3
11994,6
11995,15
11997,3
12000,9
12003,10
12005,2
12006,16
12007,15
12010,16
12012,2
12013,13
12014,2
12015,2
12016,14
12017,1
12019,8
12022,11
12023,6
12025,5
12026,2
12027,19
12028,6
12031,10
12032,19
12033,15
12034,18
12036,18
12037,9
12040,4
12041,7
12042,18
12043,14
12044,7
12045,4
12046,13
12047,11
12048,6
12050,4
12051,1
12055,20
12056,10
12057,4
12059,19
12060,1
12061,8
12063,8
12065,5
12066,13
12067,13
12068,8
12069,2
12070,7
12071,2
12073,2
12075,11
12076,6
12077,8
12078,14
12079,1
12080,6
12083,4
12084,18
12085,2
12086,15
12088,13
12090,3
12092,15
12096,4
12097,3
12098,13
12103,1
12104,2
12107,5
12108,2
12109,18
12110,5
12111,15
12113,17
12115,5
12116,15
12117,17
12118,18
12119,6
12120,4
12122,8
12123,2
12125,13
12126,18
12128,18
12131,20
12134,19
12135,20
12136,7
12137,15
12138,10
12139,12
12140,17
12141,11
12142,19
12143,14
12144,9
12145,20
12146,3
12147,8
12148,18
12150,2
12151,9
12153,1
12154,13
12155,7
12162,2
12163,13
12164,3
12165,1
12167,1
12168,11
12169,1
12173,15
12174,8
12177,18
12178,8
12180,13
12181,18
12182,14
12183,3
12185,17
12186,13
12187,8
12189,1
12191,4
12192,14
12193,11
12194,19
12195,10
12199,16
12200,10
12202,2
12204,9
12207,12
12210,9
12212,20
12213,9
12214,15
12216,19
12220,18
12221,12
12222,12
12223,15
12225,6
12226,16
12228,4
12229,3
12230,8
12232,8
12235,9
12236,16
12238,12
12239,10
12241,16
12244,1
12245,6
12246,1
12247,1
12249,12
12250,20
12252,12
12253,19
12254,11
12255,4
12256,16
12257,13
12258,10
12259,16
12260,7
12261,13
12262,15
12263,14
12264,12
12265,5
12266,14
12267,20
12269,7
12270,5
12271,7
12272,15
12273,19
12274,3
12275,20
12276,5
12277,3
12278,12
12279,6
12281,1
12283,8
12284,13
12285,1
12288,20
12291,16
12292,10
12293,11
12295,12
12296,4
12297,1
12298,3
12300,20
12303,4
12304,5
12305,3
12307,18
12309,5
12310,13
12312,11
12313,19
12314,20
12315,7
12316,1
12317,6
12319,17
12320,16
12321,14
12322,20
12324,1
12325,14
12327,2
12328,5
12330,4
12331,3
12332,18
12333,6
12335,1
12338,20
12341,9
12345,16
12346,3
12347,19
12349,11
12350,17
12351,6
12352,11
12353,19
12354,11
12355,11
12356,6
12357,5
12358,14
12360,7
12364,16
12366,1
12367,7
12369,18
12370,13
12371,2
12372,11
12373,11
12376,4
12379,15
12381,6
12382,15
12383,9
12384,1
12385,1
12386,16
12391,13
12392,18
12393,5
12394,11
12395,6
12396,15
12399,5
12400,7
12402,8
12403,7
12406,8
12407,5
12411,15
12415,8
12418,17
12419,20
12422,14
12423,7
12424,4
12425,1
12426,4
12427,3
12429,11
12430,10
12431,10
12432,1
12434,18
12435,2
12436,9
12437,4
12438,6
12439,12
12442,16
12443,12
12446,19
12449,1
12451,8
12453,20
12455,8
12456,16
12458,1
12459,17
12460,20
12462,1
12463,9
12466,15
12468,8
12470,7
12474,13
12477,2
12478,3
12480,20
12481,12
12482,1
12484,20
12485,20
12486,7
12488,5
12489,20
12491,12
12492,12
12494,15
12497,17
12498,9
12500,13
12501,2
12502,2
12503,15
12505,6
12506,1
12508,12
12509,20
12511,7
12515,7
12516,12
12517,1
12518,1
12519,20
12522,3
12523,11
12524,7
12525,9
12527,11
12528,18
12529,20
12530,13
12534,14
12535,14
12536,1
12538,6
12539,12
12541,19
12542,1
12545,17
12546,7
12547,6
12548,15
12551,16
12552,1
12554,14
12555,17
12556,10
12557,11
12558,11
12561,14
12563,12
12564,13
12566,4
12567,10
12568,15
12569,8
12570,15
12572,3
12574,10
12575,1
12576,11
12577,12
12578,15
12579,19
12580,15
12581,18
12582,13
12584,15
12587,12
12588,18
12589,6
12590,18
12591,3
12592,16
12593,5
12595,13
12597,12
12599,5
12600,1
12601,9
12603,8
12604,9
12605,16
12607,1
12608,1
12609,9
12611,2
12612,16
12613,20
12614,14
12616,19
12617,20
12619,20
12620,1
12622,3
12625,12
12626,5
12627,11
12628,17
12630,14
12633,2
12634,18
12635,16
12636,19
12637,1
12638,8
12639,15
12643,19
12644,11
12647,5
12649,16
12651,3
12652,15
12653,6
12654,19
12655,16
12656,6
12657,10
12658,13
12659,20
12660,6
12661,1
12662,5
12663,7
12667,15
12668,4
12672,18
12674,18
12678,3
12681,16
12683,14
12684,6
12685,8
12687,17
12688,17
12689,6
12690,10
12692,9
12693,3
12694,10
12695,18
12697,18
12699,6
12700,14
12701,18
12702,3
12704,3
12705,10
12706,19
12707,4
12708,16
12711,11
12712,7
12713,4
12715,2
12716,1
12718,4
12721,3
12723,1
12724,11
12727,20
12728,3
12730,9
12732,2
12735,18
12740,15
12741,1
12742,16
12745,15
12747,5
12750,5
12755,13
12757,4
12758,13
12759,14
12760,17
12761,1
12763,15
12766,10
12767,6
12768,5
12769,9
12772,14
12774,10
12775,11
12776,13
12777,7
12778,17
12780,20
12781,20
12782,5
12783,2
12784,3
12785,9
12786,9
12789,1
12793,2
12794,8
12796,12
12797,11
12799,10
12801,13
12802,6
12803,14
12804,4
12805,9
12806,5
12808,15
12811,2
12813,15
12814,11
12817,5
12818,13
12819,5
12820,2
12821,16
12824,16
12825,4
12826,14
12827,19
12828,15
12831,11
12834,7
12835,6
12838,9
12840,16
12841,16
12842,14
12844,2
12845,13
12848,13
12850,3
12851,15
12852,1
12854,4
12855,17
12856,10
12857,6
12858,3
12860,12
12862,15
12863,9
12864,11
12868,20
12870,1
12871,10
12874,17
12875,14
12876,13
12880,2
12881,7
12884,7
12886,8
12891,14
12892,2
12893,19
12894,20
12895,11
12896,14
12897,2
12898,20
12899,9
12900,1
12901,8
12902,17
12903,19
12904,5
12905,8
12908,10
12909,6
12911,9
12912,3
12913,9
12915,7
12918,4
12921,1
12922,18
12923,15
12924,2
12926,10
12927,18
12928,13
12930,3
12931,19
12932,20
12933,10
12935,4
12936,16
12937,11
12939,8
12942,1
12945,18
12946,13
12947,9
12949,14
12951,2
12952,3
12953,20
12954,2
12955,20
12956,8
12957,8
12958,8
12959,6
12961,17
12965,9
12968,18
12971,9
12972,19
12974,2
12976,15
12978,13
12979,6
12980,19
12982,15
12986,16
12987,10
12988,13
12989,1
12990,15
12991,20
12992,15
12993,8
12995,13
12996,16
12997,14
12998,3
12999,9
13002,18
13003,8
13004,5
13009,13
13012,18
13015,2
13016,12
13018,4
13019,12
13020,19
13021,9
13024,9
13025,7
13026,19
13027,5
13028,12
13029,7
13030,12
13031,10
13038,15
13039,13
13040,5
13041,6
13042,20
13043,10
13044,6
13046,7
13047,8
13048,9
13052,13
13053,3
13054,1
13055,12
13056,14
13057,5
13059,13
13060,9
13061,13
13062,18
13064,12
13066,15
13070,14
13071,6
13073,2
13077,8
13078,11
13080,19
13082,11
13083,3
13084,11
13085,1
13086,3
13087,3
13088,9
13089,3
13091,1
13093,10
13094,19
13095,5
13098,6
13100,6
13101,12
13102,14
13103,18
13104,19
13105,12
13107,3
13109,7
13110,1
13111,3
13112,2
13113,12
13114,8
13115,6
13118,17
13120,15
13121,3
13122,6
13124,18
13125,17
13126,11
13127,2
13128,20
13130,13
13131,5
13132,18
13133,4
13134,11
13135,3
13140,5
13141,15
13142,4
13144,14
13148,6
13150,6
13151,5
13152,1
13155,2
13156,17
13158,17
13159,11
13161,12
13162,18
13164,3
13165,8
13166,2
13167,14
13170,17
13173,10
13174,10
13175,3
13177,8
13178,13
13179,9
13180,1
13181,20
13182,10
13183,16
13184,12
13185,1
13187,5
13188,20
13189,19
13191,11
13192,14
13193,1
13195,17
13197,4
13199,7
13201,20
13202,7
13203,8
13204,20
13206,15
13207,4
13208,16
13210,16
13211,16
13212,8
13213,1
13214,12
13216,13
13218,17
13219,1
13221,17
13222,17
13224,6
13229,8
13230,10
13231,10
13232,20
13234,11
13239,17
13240,12
13241,6
13242,2
13245,16
13246,19
13247,1
13248,8
13249,9
13250,19
13252,19
13254,10
13255,4
13256,18
13260,10
13261,2
13262,15
13264,18
13265,6
13267,14
13268,14
13269,6
13270,2
13271,14
13273,19
13274,11
13276,9
13277,12
13279,16
13280,13
13282,2
13283,7
13285,6
13286,14
13287,12
13289,18
13290,9
13291,3
13293,2
13294,8
13297,12
13298,17
13299,14
13301,14
13302,15
13303,2
13304,6
13305,1
13308,3
13309,4
13310,3
13311,17
13312,3
13313,20
13316,12
13317,6
13320,17
13321,15
13322,1
13324,5
13326,15
13329,8
13330,13
13332,12
13333,19
13334,14
13336,13
13338,20
13341,19
13342,10
13343,9
13344,20
13345,20
13346,1
13347,6
13348,7
13350,6
13351,1
13353,18
13354,16
13356,4
13357,19
13358,9
13359,10
13360,4
13363,20
13364,13
13365,5
13367,14
13368,2
13369,16
13370,10
13371,2
13372,14
13373,1
13374,4
13375,8
13377,9
13378,1
13379,10
13380,17
13382,12
13386,2
13387,11
13389,14
13391,3
13395,18
13396,10
13397,18
13399,3
13400,20
13403,7
13406,3
13407,1
13409,1
13410,14
13411,9
13412,17
13413,8
13419,2
13420,18
13421,2
13422,11
13423,15
13424,5
13425,7
13426,8
13427,20
13428,20
13429,2
13430,2
13431,15
13436,5
13437,17
13438,20
13439,14
13441,13
13442,6
13444,15
13447,7
13449,11
13450,10
13452,8
13454,8
13458,3
13460,17
13461,15
13462,4
13463,17
13465,10
13466,1
13467,6
13470,4
13471,2
13474,20
13475,10
13476,19
13477,1
13478,7
13481,2
13482,6
13483,19
13487,9
13489,6
13491,14
13492,4
13495,3
13496,12
13497,18
13498,1
13502,1
13503,6
13504,7
13505,3
13507,16
13508,19
13509,5
13512,3
13513,7
13514,9
13515,12
13517,13
13519,10
13520,9
13521,10
13522,20
13524,6
13525,2
13527,16
13528,12
13529,14
13530,3
13532,1
13533,5
13535,18
13537,4
13539,9
13540,5
13542,3
13546,7
13547,15
13552,12
13554,14
13555,10
13556,5
13557,17
13558,9
13559,4
13563,12
13564,16
13565,5
13566,4
13568,3
13571,10
13574,13
13575,11
13576,9
13577,4
13579,1
13581,14
13582,1
13583,13
13587,19
13589,8
13590,4
13592,11
13595,10
13598,1
13599,5
13601,3
13603,7
13604,12
13606,20
13607,7
13608,12
13609,9
13610,3
13611,12
13613,3
13614,7
13617,19
13619,1
13622,8
13623,6
13624,8
13625,12
13626,18
13627,6
13628,9
13629,2
13631,9
13632,12
13634,15
13635,14
13636,5
13637,3
13641,11
13642,2
13643,20
13644,12
13645,18
13647,1
13648,5
13649,6
13650,1
13652,3
13653,20
13656,9
13658,14
13661,2
13662,7
13663,18
13664,3
13665,2
13666,2
13668,13
13671,8
13672,1
13674,1
13676,14
13677,15
13679,17
13680,11
13682,20
13684,4
13687,6
13688,9
13689,3
13691,15
13692,9
13693,7
13694,19
13695,18
13696,4
13697,6
13698,2
13699,9
13701,2
13702,3
13703,1
13705,12
13707,16
13709,16
13710,16
13712,19
13713,6
13714,1
13715,2
13716,1
13719,11
13721,13
13723,18
13727,4
13728,9
13729,12
13730,5
13732,11
13734,7
13735,10
13736,17
13740,16
13741,20
13742,15
13745,4
13746,10
13749,18
13750,10
13753,9
13756,12
13757,8
13758,19
13759,16
13760,15
13761,9
13763,5
13764,13
13765,20
13766,5
13767,17
13770,16
13772,1
13773,1
13774,12
13775,2
13776,17
13777,18
13778,1
13779,15
13780,14
13783,1
13785,12
13786,11
13787,17
13788,13
13789,16
13790,15
13791,10
13793,8
13795,4
13796,14
13797,15
13798,18
13799,11
13801,10
13802,10
13804,5
13805,15
13806,11
13807,15
13810,7
13812,12
13813,15
13815,13
13818,1
13819,6
13820,3
13821,18
13822,7
13823,4
13826,3
13828,8
13830,10
13831,1
13832,11
13833,6
13834,3
13835,11
13838,11
13839,6
13841,7
13842,1
13843,15
13844,5
13846,8
13847,4
13848,2
13850,14
13853,9
13854,11
13855,20
13856,6
13857,17
13859,13
13860,2
13861,12
13862,6
13863,5
13864,12
13868,20
13869,20
13870,13
13871,16
13872,7
13873,1
13875,2
13876,8
13877,13
13878,2
13879,16
13880,18
13881,17
13884,13
13885,1
13886,5
13887,8
13889,6
13890,3
13892,2
13893,5
13895,9
13897,17
13899,19
13900,7
13901,12
13902,18
13903,20
13904,16
13907,3
13908,18
13911,11
13914,19
13915,14
13916,10
13918,20
13919,19
13924,4
13925,18
13926,18
13927,9
13929,20
13930,4
13932,4
13935,20
13936,15
13937,4
13938,7
13940,6
13942,11
13944,10
13945,1
13947,11
13948,13
13949,4
13950,15
13952,10
13953,18
13955,9
13957,17
13958,13
13959,7
13962,12
13964,9
13965,10
13966,8
13968,14
13972,10
13977,16
13978,6
13979,9
13980,9
13981,6
13982,4
13986,19
13987,12
13990,20
13993,6
13994,4
13995,4
13996,4
13997,14
13999,3
14000,19
14001,3
14002,14
14003,18
14005,10
14006,19
14007,19
14011,9
14013,8
14015,7
14016,20
14017,20
14019,16
14020,13
14021,20
14022,6
14023,20
14025,9
14026,4
14027,10
14030,5
14031,16
14032,15
14033,5
14034,5
14036,7
14037,17
14038,7
14039,3
14040,5
14041,4
14042,15
14043,12
14044,11
14045,1
14046,10
14047,6
14048,19
14051,18
14052,19
14056,13
14058,17
14059,17
14060,1
14062,7
14064,13
14065,11
14068,8
14069,11
14070,8
14072,16
14073,11
14074,15
14075,4
14078,17
14079,15
14080,7
14082,4
14085,6
14087,11
14088,12
14089,14
14090,13
14091,11
14092,10
14093,17
14094,2
14095,10
14096,18
14097,20
14099,7
14100,11
14103,19
14104,15
14106,20
14108,5
14109,12
14110,1
14115,1
14116,12
14117,5
14118,10
14119,1
14120,1
14122,17
14123,19
14124,10
14126,3
14127,2
14128,7
14129,5
14130,16
14132,17
14134,18
14135,20
14136,3
14137,17
14138,20
14141,19
14142,6
14143,11
14145,15
14148,5
14149,15
14151,11
14153,20
14156,20
14157,5
14159,6
14161,15
14164,13
14165,4
14168,5
14169,2
14170,8
14174,9
14175,15
14176,4
14177,1
14178,10
14179,4
14180,3
14181,18
14182,5
14183,7
14186,2
14189,5
14191,15
14192,11
14194,20
14198,8
14199,15
14201,18
14202,18
14203,9
14204,18
14205,6
14211,14
14212,9
14213,14
14216,17
14217,6
14218,10
14219,2
14221,15
14223,2
14225,7
14227,20
14228,14
14231,20
14235,19
14237,4
14238,18
14239,10
14240,18
14242,5
14243,13
14248,17
14249,20
14252,12
14253,18
14254,9
14256,2
14257,14
14258,15
14259,17
14260,4
14265,9
14266,3
14267,19
14268,6
14270,19
14272,9
14273,19
14274,20
14275,3
14276,4
14277,19
14280,12
14281,12
14286,10
14287,17
14288,10
14289,11
14290,6
14291,8
14293,3
14296,3
14297,14
14301,12
14302,12
14306,7
14307,19
14309,20
14310,13
14313,14
14314,16
14316,9
14317,4
14319,12
14320,19
14322,2
14323,15
14324,3
14325,5
14326,15
14328,18
14329,3
14331,6
14333,8
14334,2
14335,20
14336,3
14338,13
14339,3
14343,9
14344,16
14346,19
14347,6
14348,7
14349,3
14353,17
14356,8
14358,11
14360,5
14362,16
14364,14
14365,3
14366,11
14367,4
14368,17
14371,8
14372,13
14374,18
14375,14
14380,20
14382,5
14383,12
14384,17
14386,10
14387,9
14392,11
14393,7
14394,19
14395,12
14397,15
14398,20
14402,1
14403,17
14405,3
14406,13
14407,11
14409,20
14411,18
14412,3
14413,1
14414,1
14415,9
14416,5
14417,15
14418,9
14419,17
14420,13
14421,5
14422,10
14423,14
14424,13
14427,12
14428,1
14429,15
14432,7
14433,13
14434,11
14435,2
14437,20
14438,5
14439,10
14440,9
14441,15
14442,11
14444,3
14446,20
14448,8
14449,17
14451,20
14453,2
14455,13
14456,18
14460,15
14461,20
14464,13
14465,3
14466,15
14467,19
14470,3
14473,18
14475,14
14478,2
14479,6
14481,6
14483,8
14484,1
14485,4
14487,2
14491,19
14492,4
14493,9
14495,5
14496,7
14497,2
14498,10
14499,16
14500,2
14501,16
14502,19
14503,5
14505,9
14506,20
14507,7
14508,14
14509,12
14510,18
14514,3
14515,9
14516,6
14518,2
14519,9
14520,19
14521,10
14522,20
14523,11
14524,3
14525,6
14526,10
14527,16
14528,18
14530,2
14531,16
14533,11
14537,3
14541,9
14542,12
14544,16
14546,1
14548,16
14549,12
14550,17
14551,1
14554,3
14557,1
14558,13
14559,14
14560,16
14561,9
14565,5
14566,18
14568,18
14569,17
14570,15
14571,1
14573,12
14576,3
14577,8
14578,8
14579,14
14580,12
14581,20
14582,18
14583,11
14584,1
14587,16
14588,8
14589,3
14590,16
14591,15
14592,12
14593,7
14595,18
14596,14
14598,8
14599,5
14600,8
14601,14
14602,5
14603,4
14604,1
14605,19
14606,20
14607,17
14610,9
14611,9
14612,20
14613,11
14614,19
14617,4
14618,12
14621,12
14622,4
14623,14
14624,2
14626,8
14627,18
14628,14
14630,7
14634,9
14636,2
14637,4
14638,8
14639,4
14640,17
14641,10
14643,10
14645,4
14647,18
14648,12
14649,4
14650,9
14651,14
14653,6
14656,12
14657,18
14660,17
14661,9
14663,2
14664,20
14666,10
14668,15
14670,8
14671,14
14672,20
14674,3
14675,20
14678,5
14683,6
14689,20
14690,14
14691,17
14692,13
14693,7
14694,8
14695,16
14696,5
14701,12
14702,18
14703,10
14704,5
14705,16
14710,4
14711,17
14712,4
14713,16
14714,15
14715,3
14719,20
14720,9
14722,1
14725,2
14726,10
14727,17
14729,8
14730,1
14733,14
14735,12
14736,13
14737,17
14739,2
14740,10
14741,15
14742,6
14744,12
14746,3
14747,6
14748,9
14752,4
14754,3
14755,16
14756,5
14757,7
14758,7
14761,7
14764,6
14765,4
14767,10
14769,11
14773,12
14774,1
14775,12
14776,4
14778,16
14780,20
14782,20
14783,9
14784,1
14788,15
14789,9
14791,1
14793,4
14794,9
14796,9
14797,15
14799,11
14802,1
14804,12
14805,12
14806,6
14807,13
14808,9
14809,7
14810,20
14811,7
14813,18
14814,7
14815,16
14816,7
14818,8
14819,18
14820,2
14821,13
14822,19
14823,14
14824,15
14826,7
14827,15
14829,10
14832,19
14833,9
14834,1
14835,10
14836,15
14837,17
14838,10
14839,7
14841,3
14844,11
14850,5
14853,6
14858,7
14860,2
14862,8
14863,17
14866,6
14867,19
14868,3
14869,7
14870,2
14871,2
14873,5
14874,10
14877,2
14879,20
14880,11
14881,15
14882,13
14884,18
14885,5
14886,7
14888,17
14889,11
14892,19
14894,20
14897,6
14898,19
14900,8
14901,1
14902,20
14906,14
14908,7
14913,17
14915,15
14916,9
14917,14
14918,1
14923,19
14924,18
14925,12
14927,7
14928,7
14929,5
14930,14
14932,14
14935,20
14936,5
14938,9
14940,9
14941,11
14942,1
14943,15
14944,20
14945,13
14946,1
14947,15
14948,18
14950,9
14951,6
14953,7
14955,10
14956,14
14962,6
14963,6
14964,12
14965,7
14966,14
14967,15
14968,1
14969,16
14970,16
14972,3
14974,5
14977,7
14978,4
14983,14
14985,1
14988,17
14989,12
14990,13
14992,19
14994,18
14995,17
15001,15
15003,8
15004,19
15006,19
15007,6
15008,12
15009,18
15010,1
15011,7
15012,4
15015,14
15016,9
15018,19
15022,10
15023,14
15024,8
15025,12
15026,6
15027,8
15028,19
15029,9
15030,10
15032,13
15033,13
15034,17
15035,20
15037,3
15038,7
15041,13
15042,8
15043,16
15044,17
15045,10
15046,10
15047,3
15048,15
15049,12
15051,12
15052,5
15054,4
15055,15
15058,9
15059,12
15060,16
15065,19
15069,16
15070,11
15071,10
15073,12
15074,17
15076,13
15077,5
15078,15
15080,19
15082,6
15084,4
15085,2
15086,20
15087,16
15088,8
15092,11
15093,6
15094,2
15095,16
15098,20
15099,4
15100,19
15101,1
15103,13
15104,2
15106,14
15110,6
15112,16
15114,1
15115,4
15116,9
15117,19
15118,20
15125,7
15128,13
15130,10
15131,4
15132,17
15133,4
15134,13
15135,5
15136,8
15137,8
15138,4
15139,12
15141,14
15143,11
15146,5
15148,7
15150,19
15151,11
15153,8
15154,14
15155,19
15159,8
15161,16
15163,14
15165,7
15166,17
15167,6
15168,13
15170,10
15171,15
15174,15
15176,14
15177,11
15178,14
15179,2
15180,6
15182,9
15183,15
15186,7
15188,2
15190,15
15193,19
15196,1
15198,2
15200,12
15201,6
15203,14
15204,18
15205,8
15206,13
15208,9
15210,12
15212,2
15213,17
15215,18
15216,9
15218,5
15219,9
15220,9
15221,6
15222,2
15225,8
15230,19
15231,2
15232,17
15233,16
15234,13
15235,14
15237,9
15238,13
15239,7
15240,7
15241,17
15242,18
15244,16
15246,2
15248,11
15249,20
15250,7
15251,12
15253,13
15255,6
15256,11
15259,11
15260,7
15261,17
15262,2
15263,3
15264,14
15265,14
15267,2
15268,11
15270,11
15271,7
15272,6
15273,12
15274,13
15275,17
15277,9
15279,15
15280,1
15281,7
15283,5
15284,19
15287,16
15288,18
15289,18
15290,9
15291,5
15292,14
15294,13
15295,11
15296,8
15297,8
15298,20
15299,7
15300,16
15301,2
15302,18
15303,18
15305,9
15306,3
15308,17
15309,17
15310,16
15311,15
15312,5
15313,15
15316,19
15317,12
15318,5
15319,9
15320,5
15322,20
15323,17
15326,13
15328,6
15329,9
15330,11
15331,17
15332,13
15333,3
15334,14
15336,18
15337,19
15338,3
15339,5
15340,15
15341,11
15342,16
15343,14
15344,13
15346,14
15349,8
15350,2
15351,20
15352,16
15355,11
15356,2
15358,11
15359,19
15360,20
15362,17
15363,15
15364,9
15365,1
15366,4
15370,6
15371,12
15373,5
15374,2
15375,15
15376,1
15377,13
15378,6
15379,17
15380,10
15381,2
15384,9
15385,4
15386,20
15388,19
15389,20
15391,13
15392,13
15395,11
15399,4
15401,3
15402,7
15404,4
15405,16
15406,7
15407,8
15409,19
15410,15
15411,1
15412,12
15414,10
15415,14
15416,20
15417,18
15422,12
15423,20
15424,11
15425,8
15426,10
15427,15
15428,5
15429,6
15430,16
15431,9
15432,18
15436,4
15437,18
15438,10
15439,6
15440,6
15441,10
15442,6
15445,6
15448,16
15452,5
15453,4
15454,5
15457,3
15458,1
15459,3
15460,8
15462,3
15465,10
15466,16
15467,15
15468,10
15469,8
15470,11
15472,4
15474,8
15476,11
15478,18
15479,4
15482,5
15485,16
15487,9
15488,13
15491,19
15492,18
15493,10
15494,12
15495,12
15496,7
15497,5
15498,15
15499,17
15500,12
15501,1
15502,3
15504,9
15507,18
15508,8
15509,1
15510,5
15511,12
15513,7
15514,7
15516,14
15519,17
15522,16
15523,20
15527,15
15529,12
15530,1
15532,10
15533,3
15535,18
15537,8
15539,10
15541,17
15542,14
15543,12
15544,4
15546,7
15547,10
15548,6
15550,15
15551,1
15552,6
15553,8
15554,12
15555,14
15557,16
15560,7
15564,2
15565,12
15566,4
15567,5
15568,2
15569,2
15571,20
15572,20
15575,6
15576,19
15580,17
15582,8
15583,1
15584,15
15585,2
15587,9
15588,8
15590,9
15591,7
15593,18
15597,16
15601,1
15602,15
15603,8
15604,19
15605,7
15606,19
15608,16
15609,19
15611,16
15613,5
15614,1
15615,2
15618,16
15619,20
15623,3
15624,12
15625,15
15626,19
15629,1
15631,11
15632,7
15633,7
15636,5
15638,2
15639,3
15640,3
15642,20
15643,7
15645,9
15646,15
15649,3
15651,9
15652,15
15656,7
15657,14
15659,2
15661,5
15662,3
15663,20
15667,6
15668,6
15671,2
15672,1
15673,20
15675,8
15679,19
15680,15
15681,10
15682,6
15683,15
15684,20
15685,10
15687,3
15688,20
15689,20
15690,2
15691,20
15692,20
15695,6
15696,18
15697,2
15698,3
15699,2
15700,9
15701,19
15702,16
15703,14
15704,4
15706,4
15707,12
15708,1
15709,4
15711,3
15713,2
15714,6
15715,16
15716,11
15718,8
15721,1
15722,18
15723,14
15725,6
15726,11
15727,6
15728,1
15730,18
15734,6
15736,16
15737,13
15742,3
15744,18
15746,9
15747,11
15749,5
15750,9
15753,16
15754,7
15755,17
15757,7
15758,12
15760,19
15762,5
15763,11
15765,19
15767,8
15768,2
15769,19
15770,14
15771,2
15772,17
15774,19
15777,6
15780,8
15781,11
15782,14
15783,18
15785,4
15786,20
15787,2
15788,19
15789,10
15791,3
15793,14
15795,10
15796,12
15798,20
15800,8
15801,16
15806,7
15807,11
15808,12
15809,10
15810,4
15812,1
15813,5
15814,10
15815,19
15817,12
15819,16
15821,12
15822,20
15825,5
15826,14
15828,4
15830,15
15832,12
15835,18
15837,18
15839,14
15842,11
15843,10
15845,20
15846,10
15847,4
15851,7
15852,14
15854,19
15855,15
15857,3
15860,4
15861,3
15863,11
15864,4
15865,7
15866,20
15868,7
15869,16
15871,14
15872,3
15873,17
15874,10
15875,20
15876,4
15878,11
15879,1
15880,9
15881,15
15882,9
15886,7
15887,11
15890,13
15891,15
15892,3
15893,16
15894,14
15896,10
15898,20
15899,14
15900,1
15901,16
15902,4
15903,3
15907,15
15909,1
15910,16
15911,20
15912,19
15913,7
15914,2
15915,15
15916,5
15918,17
15919,19
15922,1
15925,2
15926,3
15927,3
15928,3
15930,14
15931,5
15932,8
15933,2
15934,8
15936,3
15937,12
15938,12
15941,3
15942,14
15945,4
15946,15
15947,15
15948,12
15950,18
15951,19
15952,15
15953,5
15954,15
15955,13
15956,3
15957,8
15959,7
15960,1
15961,10
15963,4
15964,4
15966,15
15967,10
15971,17
15972,19
15973,15
15974,5
15977,7
15978,15
15979,3
15980,11
15981,9
15982,5
15983,17
15984,10
15985,6
15986,12
15987,10
15988,15
15989,10
15990,5
15991,18
15992,12
15994,4
15996,6
15997,13
15999,14
16002,5
16004,9
16006,12
16007,12
16009,4
16010,13
16011,8
16012,15
16013,13
16014,17
16016,9
16021,11
16022,12
16024,16
16025,18
16026,6
16027,3
16028,18
16029,19
16031,9
16032,2
16033,2
16034,3
16035,14
16037,10
16040,4
16042,5
16043,20
16044,17
16045,5
16048,10
16049,4
16051,10
16052,18
16053,20
16054,7
16055,7
16058,9
16059,20
16061,3
16062,10
16063,7
16066,19
16067,3
16068,3
16069,14
16075,12
16077,17
16078,11
16080,5
16081,8
16082,17
16083,18
16084,5
16086,13
16087,10
16088,3
16089,6
16091,13
16092,16
16094,17
16095,5
16096,19
16099,16
16100,17
16102,7
16104,19
16105,11
16106,2
16108,9
16109,18
16110,3
16111,9
16113,2
16115,7
16116,17
16118,9
16120,16
16121,15
16127,19
16129,6
16130,9
16132,2
16133,8
16134,16
16135,17
16136,12
16137,12
16138,17
16140,16
16141,18
16142,10
16143,8
16145,18
16146,16
16147,17
16148,2
16149,19
16154,2
16155,15
16158,3
16159,14
16161,12
16162,17
16163,7
16164,10
16166,8
16167,7
16170,7
16173,9
16174,20
16177,9
16178,5
16179,17
16180,18
16183,2
16184,4
16185,14
16186,10
16187,20
16189,18
16190,17
16191,10
16192,9
16194,8
16195,12
16196,16
16197,7
16199,7
16200,16
16201,4
16202,18
16204,20
16205,8
16206,5
16207,4
16208,6
16210,6
16211,4
16213,3
16214,5
16217,15
16218,7
16219,14
16221,9
16222,18
16226,11
16227,12
16228,14
16229,9
16230,1
16231,16
16232,6
16233,5
16234,13
16236,15
16237,11
16238,20
16239,8
16240,16
16241,14
16242,4
16244,6
16245,20
16247,2
16248,10
16249,8
16250,5
16252,1
16253,18
16254,15
16256,12
16257,10
16259,15
16261,4
16263,18
16264,20
16266,19
16268,17
16269,2
16270,5
16272,5
16273,18
16276,17
16281,2
16283,8
16285,16
16286,11
16287,14
16290,8
16291,11
16292,1
16293,4
16294,2
16295,9
16296,14
16299,13
16300,16
16301,16
16304,12
16305,18
16308,17
16309,18
16310,1
16311,19
16312,10
16314,6
16317,19
16318,19
16319,13
16321,19
16322,9
16323,13
16324,8
16327,16
16328,9
16330,20
16331,14
16332,9
16333,7
16334,6
16336,13
16337,5
16338,20
16339,2
16341,9
16342,6
16343,14
16344,15
16346,17
16347,16
16348,10
16350,18
16351,9
16354,17
16355,10
16356,4
16357,18
16358,10
16359,3
16360,1
16362,1
16365,20
16367,11
16368,15
16370,5
16371,6
16373,9
16374,18
16375,2
16378,10
16379,7
16382,15
16386,6
16388,7
16389,8
16390,18
16393,14
16394,11
16395,19
16397,13
16398,17
16399,2
16401,4
16402,11
16403,14
16404,19
16406,4
16407,10
16409,1
16410,17
16411,7
16412,14
16414,13
16417,12
16418,14
16420,2
16422,14
16423,6
16424,7
16425,11
16427,18
16428,20
16429,11
16430,19
16431,14
16432,2
16433,11
16436,5
16438,18
16440,15
16441,2
16442,4
16443,17
16444,7
16445,10
16446,7
16447,10
16448,19
16450,11
16451,6
16452,9
16453,14
16454,5
16455,16
16458,17
16459,9
16463,1
16464,10
16465,4
16467,4
16469,3
16470,17
16471,4
16472,4
16474,9
16475,15
16476,7
16477,10
16478,8
16479,9
16480,5
16481,17
16482,5
16483,7
16484,7
16485,13
16486,6
16488,10
16491,16
16492,19
16493,2
16496,4
16497,6
16498,16
16499,15
16501,15
16502,7
16503,10
16504,5
16508,18
16509,17
16510,4
16511,9
16514,15
16516,19
16520,14
16522,17
16525,6
16526,12
16528,18
16529,2
16531,15
16532,7
16533,12
16534,14
16535,13
16536,8
16537,6
16538,20
16539,12
16541,13
16542,13
16543,4
16545,19
16546,4
16547,19
16549,10
16550,18
16552,5
16553,14
16554,9
16555,6
16556,4
16558,18
16559,4
16560,12
16561,10
16563,19
16564,13
16566,11
16567,10
16568,1
16569,17
16572,6
16574,9
16576,14
16581,16
16582,3
16583,2
16584,2
16585,16
16586,6
16588,9
16589,18
16595,5
16596,14
16597,5
16598,1
16599,9
16600,8
16602,10
16603,15
16606,20
16608,14
16609,19
16610,1
16611,11
16612,4
16613,3
16614,9
16615,12
16617,18
16619,3
16620,12
16622,19
16628,13
16630,17
16631,1
16632,17
16633,13
16636,17
16638,12
16640,9
16642,20
16643,8
16645,15
16647,2
16649,16
16651,3
16652,3
16655,16
16657,20
16658,17
16659,6
16660,7
16661,2
16662,2
16665,12
16666,4
16668,7
16669,10
16672,13
16673,6
16674,17
16675,4
16676,19
16677,11
16678,4
16679,3
16680,19
16682,4
16683,5
16684,2
16685,6
16686,13
16687,18
16688,17
16689,13
16690,7
16694,10
16695,18
16696,10
16697,20
16698,18
16699,11
16700,4
16701,17
16702,3
16703,10
16704,10
16705,13
16706,8
16707,19
16708,11
16712,16
16713,8
16714,3
16715,8
16716,19
16717,7
16718,9
16722,9
16723,14
16725,16
16727,2
16730,16
16733,7
16734,7
16735,11
16736,10
16737,7
16738,2
16739,13
16740,11
16741,8
16743,19
16744,9
16746,10
16750,16
16751,12
16753,18
16754,2
16755,4
16757,19
16758,17
16759,7
16763,13
16764,13
16765,20
16767,17
16768,12
16771,10
16772,19
16773,4
16774,18
16779,15
16780,8
16782,15
16783,17
16785,1
16786,7
16787,13
16788,12
16789,3
16790,19
16794,11
16797,11
16798,18
16801,19
16802,16
16803,18
16804,18
16805,15
16806,19
16807,11
16808,10
16809,13
16812,8
16813,10
16814,1
16815,20
16816,6
16818,16
16819,6
16821,8
16822,20
16823,11
16824,14
16825,4
16826,16
16827,6
16829,17
16830,16
16831,10
16834,11
16836,13
16837,14
16838,13
16839,17
16842,13
16843,14
16845,13
16846,16
16847,4
16849,18
16850,12
16851,15
16853,14
16855,12
16856,11
16857,13
16860,13
16861,19
16862,12
16863,11
16865,8
16866,14
16867,5
16868,9
16871,19
16872,14
16875,11
16877,10
16879,8
16880,10
16882,19
16883,19
16884,2
16886,4
16887,8
16888,3
16889,9
16890,10
16891,20
16893,10
16894,8
16897,1
16899,16
16901,17
16902,15
16903,14
16904,14
16905,5
16906,2
16908,13
16909,17
16911,4
16912,11
16914,7
16917,13
16918,14
16919,9
16923,13
16924,1
16925,7
16929,18
16930,13
16932,3
16935,9
16936,1
16937,9
16938,10
16939,14
16942,20
16943,16
16945,8
16946,20
16950,18
16951,5
16955,8
16956,4
16957,9
16958,9
16959,4
16960,17
16962,16
16963,9
16968,8
16969,18
16971,16
16973,12
16978,4
16980,15
16982,11
16983,9
16984,9
16987,11
16989,2
16991,16
16993,19
16994,18
16995,15
16996,11
16997,17
16998,4
16999,10
17000,9
17002,17
17003,12
17006,4
17007,14
17009,5
17011,1
17012,12
17013,4
17014,8
17015,8
17017,5
17019,19
17022,8
17023,12
17024,12
17025,5
17026,7
17027,15
17028,5
17029,6
17031,1
17032,13
17033,8
17035,11
17036,1
17037,3
17038,2
17039,10
17040,20
17042,18
17043,18
17046,18
17050,9
17051,4
17052,6
17054,13
17055,20
17056,10
17057,8
17060,5
17062,20
17064,2
17066,18
17067,1
17071,16
17072,4
17073,11
17075,4
17076,8
17077,10
17078,20
17080,1
17081,4
17083,4
17084,16
17085,5
17088,13
17089,8
17090,2
17091,4
17092,11
17096,13
17098,11
17103,11
17106,8
17109,12
17111,6
17112,11
17113,11
17114,15
17117,19
17119,7
17122,1
17123,17
17126,13
17127,2
17128,4
17129,4
17133,1
17134,9
17135,6
17136,5
17137,18
17141,4
17142,18
17143,5
17144,17
17145,13
17146,19
17147,16
17148,10
17149,8
17150,5
17151,8
17152,10
17153,17
17154,7
17156,2
17157,5
17159,8
17161,18
17163,10
17164,19
17167,1
17168,17
17170,20
17171,4
17172,1
17173,12
17174,9
17175,7
17176,5
17178,13
17179,18
17180,1
17181,14
17182,12
17184,10
17187,8
17190,4
17191,12
17194,9
17197,13
17198,18
17199,11
17200,1
17201,16
17202,2
17204,7
17205,8
17208,10
17210,9
17211,12
17212,18
17214,17
17216,8
17217,9
17218,12
17220,8
17221,17
17223,20
17225,17
17226,5
17228,3
17230,19
17231,11
17232,8
17233,11
17234,16
17236,13
17237,3
17238,18
17239,13
17240,10
17241,1
17242,5
17243,1
17249,15
17251,1
17252,20
17254,16
17255,11
17256,12
17260,6
17262,19
17266,4
17267,2
17268,12
17270,20
17271,18
17272,20
17275,14
17276,17
17277,2
17278,8
17279,15
17280,4
17282,3
17284,14
17285,6
17286,7
17287,1
17289,11
17291,2
17292,6
17293,20
17294,19
17295,6
17296,1
17297,8
17299,15
17303,12
17305,11
17306,4
17308,16
17309,6
17311,16
17312,15
17313,3
17314,11
17316,13
17317,9
17318,3
17319,16
17321,3
17322,19
17324,12
17326,10
17327,15
17328,17
17329,4
17331,6
17332,20
17335,7
17337,9
17338,16
17339,17
17340,11
17341,11
17342,8
17343,3
17346,4
17347,11
17348,3
17349,17
17350,18
17351,10
17353,16
17355,1
17359,11
17362,6
17363,9
17364,4
17365,19
17371,15
17373,11
17374,9
17375,13
17376,13
17378,6
17379,20
17381,14
17382,6
17383,11
17385,20
17386,13
17387,18
17391,14
17393,7
17394,11
17398,2
17399,3
17400,20
17403,19
17404,15
17405,3
17406,20
17407,16
17409,16
17410,6
17412,1
17413,17
17414,5
17415,9
17416,13
17417,4
17418,15
17420,5
17422,17
17423,9
17424,3
17427,3
17428,17
17429,8
17430,18
17431,4
17433,5
17434,12
17435,8
17436,19
17438,20
17439,8
17440,20
17442,19
17443,10
17444,5
17446,1
17447,9
17449,5
17450,3
17451,11
17452,11
17454,8
17455,4
17457,17
17458,9
17459,8
17460,2
17461,2
17463,12
17464,9
17465,16
17468,14
17470,4
17472,4
17473,12
17474,1
17475,11
17476,1
17477,19
17478,9
17480,10
17481,7
17482,7
17483,5
17485,11
17486,9
17488,6
17489,16
17492,11
17493,11
17495,14
17496,11
17498,1
17499,20
17500,18
17502,13
17503,8
17504,12
17505,6
17507,7
17510,2
17512,19
17513,7
17514,20
17515,3
17518,16
17519,17
17520,12
17521,19
17522,1
17523,11
17525,14
17526,6
17527,2
17528,3
17529,7
17530,18
17533,12
17534,16
17535,4
17536,2
17538,14
17540,19
17541,5
17543,8
17544,16
17545,9
17546,16
17548,19
17549,15
17550,3
17551,16
17552,11
17554,7
17555,6
17557,7
17558,7
17559,13
17561,11
17562,5
17563,8
17565,16
17567,5
17568,19
17569,2
17571,6
17572,14
17575,10
17576,17
17577,13
17578,15
17580,1
17583,18
17585,7
17588,15
17590,6
17591,14
17592,13
17594,11
17595,7
17596,8
17598,15
17599,4
17601,5
17603,2
17605,1
17606,13
17608,19
17609,15
17610,11
17612,1
17615,17
17617,4
17618,10
17620,15
17622,11
17623,8
17624,5
17625,20
17626,3
17627,4
17629,16
17630,18
17631,16
17632,2
17636,19
17637,13
17638,12
17639,4
17640,3
17641,15
17642,9
17643,9
17644,1
17645,19
17647,9
17648,18
17649,15
17650,8
17653,14
17654,20
17655,9
17656,16
17657,11
17658,20
17659,4
17660,7
17661,7
17663,2
17666,5
17667,10
17668,17
17669,12
17672,15
17673,14
17674,7
17678,13
17679,4
17681,20
17682,12
17683,6
17684,19
17685,10
17689,20
17690,5
17692,18
17694,11
17696,12
17698,5
17699,18
17701,8
17702,1
17703,1
17704,1
17705,10
17708,17
17711,10
17712,16
17713,18
17714,12
17718,10
17723,13
17724,17
17725,7
17726,11
17727,10
17728,3
17729,19
17731,6
17733,5
17734,8
17735,7
17736,6
17740,8
17741,1
17742,9
17746,4
17750,2
17751,16
17753,2
17754,16
17756,4
17758,3
17760,3
17761,20
17762,2
17764,1
17765,15
17766,11
17767,3
17768,2
17770,19
17773,2
17774,13
17776,14
17777,17
17778,5
17780,14
17782,11
17784,20
17785,18
17786,14
17787,18
17788,11
17789,19
17793,6
17794,12
17795,13
17797,16
17798,9
17800,7
17802,1
17805,16
17806,17
17807,16
17809,16
17810,11
17811,4
17812,4
17814,16
17817,12
17818,4
17822,12
17825,2
17826,1
17827,9
17829,19
17831,10
17832,7
17834,8
17835,16
17836,9
17837,4
17838,6
17840,19
17841,5
17842,13
17844,2
17845,19
17846,2
17847,13
17851,5
17854,16
17855,9
17856,14
17857,7
17858,2
17859,17
17860,11
17861,3
17864,18
17866,8
17867,11
17868,10
17869,19
17870,5
17872,1
17876,3
17878,10
17879,8
17880,14
17881,1
17883,20
17884,18
17886,16
17887,11
17888,17
17889,18
17890,9
17892,8
17894,15
17895,2
17897,3
17898,6
17900,20
17902,7
17904,12
17905,19
17906,19
17907,14
17908,16
17911,1
17912,16
17913,3
17914,13
17916,1
17918,20
17920,17
17921,2
17922,8
17923,5
17926,12
17927,16
17929,9
17930,5
17932,12
17933,11
17934,16
17936,15
17937,19
17938,19
17939,15
17943,4
17944,16
17945,17
17946,19
17951,2
17952,2
17954,3
17955,3
17956,16
17957,19
17958,14
17959,5
17960,12
17961,19
17962,11
17963,15
17964,17
17965,13
17966,8
17967,10
17968,6
17970,1
17971,9
17972,13
17973,5
17974,16
17975,2
17976,11
17977,3
17981,18
17983,3
17986,8
17987,2
17988,4
17990,10
17991,18
17993,18
17996,19
17997,6
17999,17
18000,20
18001,5
18002,18
18005,13
18007,4
18008,10
18009,8
18010,16
18015,16
18016,20
18018,5
18020,8
18022,17
18024,9
18026,8
18028,14
18031,9
18033,11
18034,9
18035,13
18036,18
18040,9
18044,17
18045,13
18046,12
18048,13
18050,16
18053,15
18054,8
18055,16
18056,11
18057,12
18061,18
18062,6
18063,17
18065,14
18066,20
18067,6
18070,7
18071,6
18072,19
18075,5
18076,11
18077,17
18079,11
18080,1
18083,6
18084,7
18086,11
18087,5
18088,1
18089,7
18090,16
18091,16
18092,3
18093,1
18095,19
18096,4
18097,11
18100,5
18101,15
18104,7
18105,15
18106,5
18108,4
18109,8
18110,14
18111,20
18113,2
18114,19
18116,5
18118,15
18119,18
18120,12
18121,14
18122,5
18124,11
18127,18
18128,2
18129,5
18131,19
18133,1
18134,8
18135,10
18136,8
18138,18
18141,15
18143,13
18144,17
18145,19
18147,3
18149,6
18150,16
18152,9
18153,14
18154,15
18155,18
18157,16
18158,8
18159,16
18165,20
18166,3
18169,12
18170,19
18172,7
18173,17
18174,4
18175,6
18177,9
18178,15
18181,12
18183,14
18186,3
18187,3
18188,11
18189,1
18192,6
18193,8
18194,5
18197,10
18198,1
18199,16
18200,12
18201,20
18202,17
18203,16
18206,8
18208,2
18209,18
18210,10
18212,11
18214,6
18217,17
18218,12
18219,20
18221,17
18222,7
18223,17
18225,19
18226,18
18227,11
18228,2
18230,1
18233,12
18234,17
18235,13
18237,13
18238,11
18240,16
18241,14
18242,7
18243,12
18244,2
18245,18
18246,20
18247,7
18248,6
18251,18
18252,19
18253,14
18254,7
18256,17
18257,3
18260,9
18261,8
18262,17
18263,9
18264,7
18265,19
18266,16
18267,14
18268,1
18269,16
18270,5
18273,11
18274,11
18275,12
18276,16
18277,8
18279,9
18280,16
18281,5
18283,13
18286,2
18287,8
18289,18
18291,10
18293,13
18294,18
18298,20
18299,11
18301,10
18302,19
18303,5
18304,18
18310,2
18311,3
18312,3
18313,19
18314,14
18315,4
18316,16
18317,1
18318,11
18320,15
18321,17
18323,11
18324,7
18325,8
18326,14
18327,5
18328,6
18332,10
18333,19
18335,13
18337,15
18338,7
18340,16
18341,2
18342,6
18343,6
18348,7
18349,9
18350,13
18351,1
18352,18
18354,1
18355,19
18356,19
18357,14
18360,2
18361,4
18362,2
18363,6
18365,16
18366,6
18367,8
18368,8
18371,20
18372,12
18376,17
18377,1
18378,2
18380,6
18381,8
18383,16
18384,4
18385,13
18387,2
18389,13
18390,6
18391,10
18393,14
18394,4
18395,1
18396,14
18400,18
18401,4
18402,4
18403,17
18405,3
18406,15
18407,1
18408,15
18410,15
18411,11
18412,19
18415,13
18416,7
18417,13
18418,8
18419,4
18421,8
18422,4
18423,4
18425,18
18427,14
18429,9
18430,6
18432,8
18433,10
18434,19
18435,15
18438,17
18443,12
18444,17
18445,19
18446,13
18447,18
18449,16
18450,4
18451,6
18452,6
18453,6
18456,7
18460,17
18461,17
18463,17
18464,11
18465,14
18467,16
18468,14
18469,20
18470,2
18471,8
18476,11
18477,1
18482,17
18483,6
18484,15
18485,9
18486,10
18487,13
18488,3
18490,3
18491,15
18495,12
18496,17
18497,12
18498,4
18499,3
18501,14
18502,12
18503,3
18504,7
18505,13
18506,12
18507,1
18508,4
18509,16
18511,20
18512,8
18513,16
18514,12
18515,15
18517,17
18518,20
18519,10
18521,12
18523,4
18524,17
18525,11
18526,20
18527,11
18528,5
18529,4
18530,1
18531,5
18534,13
18537,6
18538,1
18539,15
18541,1
18544,7
18547,10
18548,17
18552,9
18553,2
18555,20
18556,1
18559,5
18560,13
18561,8
18562,9
18563,18
18564,16
18566,13
18567,5
18568,20
18569,13
18570,20
18571,7
18572,20
18573,11
18574,12
18575,5
18576,9
18577,14
18578,17
18580,4
18583,1
18584,6
18585,16
18586,5
18587,8
18588,14
18589,5
18590,14
18592,20
18593,4
18596,15
18597,10
18598,19
18599,12
18600,2
18602,19
18604,16
18605,20
18606,2
18607,12
18608,4
18609,2
18610,6
18611,3
18612,13
18613,18
18614,17
18615,17
18616,17
18617,3
18618,3
18622,2
18623,19
18624,18
18625,15
18627,11
18628,14
18629,2
18630,17
18631,12
18633,9
18634,19
18636,17
18637,17
18641,20
18644,15
18645,3
18648,8
18649,4
18650,3
18651,17
18652,16
18654,8
18655,14
18656,18
18658,19
18660,2
18661,2
18664,3
18666,19
18667,1
18668,8
18670,5
18671,18
18673,4
18676,1
18678,20
18679,7
18681,5
18682,19
18683,12
18684,3
18685,6
18686,17
18687,20
18688,16
18689,5
18691,20
18692,15
18693,12
18694,13
18695,19
18696,7
18701,2
18703,11
18704,8
18705,13
18707,6
18708,3
18709,16
18710,18
18713,7
18715,20
18717,20
18719,2
18720,7
18722,15
18724,12
18725,14
18729,3
18731,7
18732,13
18733,13
18734,17
18736,14
18737,1
18738,17
18739,8
18740,14
18741,15
18743,16
18744,11
18745,5
18746,2
18747,13
18749,17
18750,12
18751,2
18752,9
18753,17
18754,14
18756,6
18757,7
18759,10
18760,15
18762,11
18763,3
18764,7
18765,6
18766,13
18767,18
18769,1
18770,2
18771,11
18772,20
18774,10
18775,18
18778,5
18779,2
18780,1
18781,2
18782,19
18783,18
18786,5
18787,2
18788,10
18790,14
18792,4
18795,9
18796,1
18798,8
18801,19
18802,11
18805,18
18806,14
18808,19
18809,16
18810,20
18812,12
18813,15
18814,8
18815,13
18821,19
18823,8
18825,19
18829,14
18830,12
18832,12
18834,1
18836,10
18838,18
18839,1
18840,6
18842,11
18844,8
18845,13
18847,18
18848,3
18849,4
18853,5
18854,18
18855,19
18857,12
18858,1
18863,2
18864,5
18865,20
18866,5
18867,15
18868,8
18869,10
18870,12
18871,9
18872,14
18873,8
18874,9
18875,20
18877,16
18878,3
18879,13
18880,2
18883,2
18884,12
18893,9
18894,7
18895,10
18896,10
18898,13
18899,5
18900,6
18902,4
18905,12
18906,7
18908,13
18909,17
18910,8
18912,19
18913,16
18915,10
18916,2
18917,17
18919,16
18920,18
18922,6
18923,8
18924,6
18926,17
18927,18
18930,19
18931,11
18932,18
18934,1
18935,19
18936,20
18937,14
18938,7
18939,2
18940,3
18941,19
18942,20
18943,4
18944,14
18946,18
18949,18
18950,15
18951,9
18952,3
18953,4
18955,2
18956,12
18958,11
18961,7
18963,1
18965,10
18966,7
18967,12
18969,1
18970,6
18972,7
18973,8
18974,16
18975,1
18977,17
18978,2
18981,10
18982,7
18984,7
18985,5
18987,12
18988,3
18989,17
18990,16
18992,5
18995,13
18996,14
18998,18
19003,3
19004,13
19005,6
19006,4
19007,15
19008,19
19009,3
19010,10
19011,7
19014,6
19015,15
19018,12
19019,4
19022,13
19024,3
19025,16
19026,14
19029,3
19030,4
19031,7
19032,18
19033,20
19034,4
19037,13
19038,14
19040,14
19041,12
19042,6
19044,9
19046,5
19048,9
19049,17
19051,12
19052,7
19053,15
19055,11
19056,13
19057,1
19059,11
19060,1
19061,6
19063,7
19065,17
19066,6
19068,3
19070,5
19072,19
19073,11
19075,12
19076,13
19078,9
19079,2
19080,18
19081,12
19083,19
19084,19
19085,17
19086,9
19087,1
19089,2
19090,5
19092,1
19094,12
19096,6
19098,7
19099,10
19100,15
19101,10
19102,7
19103,18
19104,14
19106,5
19107,10
19109,17
19111,15
19115,17
19116,17
19117,7
19118,5
19119,6
19120,11
19123,4
19127,10
19128,13
19129,1
19131,14
19132,11
19135,20
19137,18
19140,15
19141,16
19143,12
19144,8
19145,10
19146,9
19147,9
19148,10
19150,18
19151,8
19152,20
19154,14
19155,10
19156,2
19157,12
19159,11
19160,20
19162,12
19163,11
19164,7
19166,3
19167,9
19169,6
19170,19
19171,14
19172,12
19175,17
19176,20
19177,12
19183,9
19185,6
19186,14
19188,1
19191,14
19192,11
19193,10
19194,20
19195,12
19197,20
19198,7
19199,20
19200,18
19201,14
19203,5
19204,7
19206,1
19210,13
19211,16
19212,14
19213,18
19214,13
19215,19
19216,5
19217,12
19219,7
19220,19
19222,3
19227,6
19228,16
19229,5
19234,3
19235,5
19236,6
19237,13
19239,16
19240,2
19241,9
19243,10
19244,12
19245,11
19249,4
19252,15
19253,1
19254,8
19255,18
19256,12
19257,15
19258,20
19259,14
19260,6
19263,16
19264,20
19265,18
19267,19
19268,15
19269,7
19270,4
19271,19
19272,20
19273,14
19274,3
19275,20
19277,18
19278,9
19281,1
19282,15
19283,7
19284,4
19285,4
19286,8
19287,10
19288,2
19289,10
19290,9
19291,19
19293,17
19294,20
19297,9
19298,3
19300,11
19301,13
19302,10
19304,4
19306,8
19307,19
19308,6
19311,10
19312,3
19313,8
19316,2
19317,2
19318,19
19319,19
19321,8
19323,6
19324,20
19325,12
19326,12
19327,8
19328,7
19330,4
19331,20
19332,7
19333,20
19334,4
19335,6
19336,9
19337,4
19339,15
19340,8
19341,19
19342,12
19343,13
19344,18
19345,14
19346,20
19349,4
19351,15
19352,14
19353,5
19354,20
19355,8
19357,7
19358,3
19359,8
19360,20
19363,12
19364,15
19365,12
19366,12
19368,12
19369,8
19370,19
19371,13
19372,6
19374,1
19375,11
19377,5
19378,8
19379,2
19380,13
19381,20
19383,5
19384,11
19385,9
19387,20
19389,14
19390,5
19391,3
19392,4
19395,8
19396,20
19399,20
19401,3
19402,19
19403,2
19404,14
19405,18
19406,2
19409,6
19410,13
19411,14
19413,12
19414,11
19415,9
19416,12
19418,7
19422,3
19423,15
19424,6
19425,17
19426,4
19427,15
19431,9
19432,15
19433,13
19434,6
19435,6
19436,14
19438,10
19439,14
19440,15
19441,19
19442,10
19444,7
19445,1
19446,7
19447,11
19449,4
19450,8
19452,19
19453,10
19455,2
19456,16
19457,12
19459,8
19460,6
19462,13
19463,2
19464,11
19465,6
19466,5
19471,18
19472,3
19473,19
19474,1
19476,19
19477,8
19482,15
19483,20
19484,10
19488,18
19489,4
19490,15
19491,17
19492,14
19493,3
19494,17
19495,1
19496,1
19498,2
19507,13
19508,13
19510,14
19514,5
19515,13
19516,15
19517,4
19519,8
19521,12
19522,14
19524,18
19526,13
19527,14
19528,8
19530,1
19534,1
19536,5
19537,20
19538,8
19541,20
19542,6
19543,1
19544,5
19547,19
19548,6
19549,13
19550,5
19552,7
19553,2
19555,7
19558,17
19560,2
19561,16
19562,2
19564,3
19565,15
19566,8
19570,8
19571,16
19572,9
19574,19
19575,6
19577,7
19578,1
19579,13
19580,20
19582,18
19583,14
19586,11
19589,20
19590,12
19591,17
19592,12
19593,7
19594,16
19595,11
19596,18
19597,16
19598,20
19599,15
19602,2
19604,8
19606,15
19610,10
19611,1
19613,19
19614,15
19615,12
19616,18
19617,2
19620,1
19626,16
19627,18
19629,2
19630,20
19635,13
19636,20
19639,4
19640,11
19641,20
19642,7
19643,19
19644,3
19647,6
19649,3
19650,18
19652,17
19654,13
19656,1
19657,18
19658,20
19659,17
19660,3
19661,13
19662,6
19664,2
19665,16
19666,15
19667,15
19668,12
19670,19
19671,2
19675,2
19676,1
19677,10
19678,9
19679,6
19680,5
19685,2
19687,6
19692,3
19695,12
19697,6
19699,13
19701,8
19704,17
19705,12
19707,15
19708,17
19711,16
19713,11
19714,3
19716,11
19718,4
19719,10
19720,10
19721,9
19722,11
19724,19
19725,13
19726,3
19727,10
19728,1
19730,16
19731,1
19734,9
19735,4
19736,1
19738,9
19741,14
19743,16
19745,20
19747,16
19748,12
19749,8
19750,11
19751,18
19753,18
19754,15
19755,6
19757,10
19758,12
19761,5
19764,8
19769,13
19770,19
19771,12
19772,18
19773,9
19775,20
19776,18
19777,11
19778,8
19780,17
19781,7
19782,2
19784,17
19786,12
19788,2
19791,19
19792,20
19793,3
19795,6
19796,6
19797,20
19798,20
19799,1
19800,3
19803,1
19804,11
19807,11
19809,5
19810,8
19811,16
19813,19
19814,16
19815,16
19816,10
19817,2
19818,6
19819,6
19821,5
19822,14
19823,20
19824,9
19825,15
19826,11
19827,10
19828,9
19829,17
19830,17
19831,13
19832,7
19833,12
19835,15
19840,16
19842,1
19843,7
19844,11
19845,17
19846,11
19848,3
19849,11
19851,16
19852,1
19855,12
19856,18
19857,17
19859,1
19861,19
19862,7
19863,18
19866,7
19868,16
19869,8
19871,17
19872,2
19873,12
19874,20
19876,16
19877,16
19879,8
19880,10
19881,11
19882,17
19883,4
19885,2
19887,12
19890,15
19892,2
19893,6
19894,12
19896,18
19898,19
19901,7
19903,4
19904,13
19905,8
19906,4
19907,17
19908,18
19910,16
19911,6
19912,13
19913,13
19914,10
19915,2
19916,7
19917,13
19919,6
19922,4
19923,12
19924,12
19926,16
19927,6
19928,18
19929,11
19930,16
19931,9
19932,13
19933,5
19934,13
19935,1
19937,5
19938,15
19940,12
19943,14
19944,9
19945,11
19946,16
19947,18
19949,11
19951,13
19952,3
19953,4
19954,8
19955,19
19956,5
19957,15
19962,11
19963,12
19964,4
19966,17
19967,5
19968,12
19969,14
19970,7
19975,6
19976,10
19977,16
19978,8
19979,7
19983,15
19984,12
19985,19
19986,12
19987,6
19988,9
19989,19
19993,10
19994,15
19995,17
20000,19
20002,3
20004,7
20005,1
20007,9
20008,18
20009,2
20010,2
20011,8
20012,16
20013,15
20016,20
20020,20
20021,10
20023,15
20024,3
20026,12
20027,11
20028,20
20029,14
20030,6
20033,17
20034,13
20035,12
20038,10
20039,2
20040,6
20041,9
20042,11
20043,1
20044,13
20047,20
20048,10
20050,12
20051,15
20052,12
20053,9
20056,3
20057,16
20058,1
20059,5
20061,18
20062,1
20065,19
20066,15
20067,9
20069,2
20071,14
20072,1
20073,16
20074,6
20075,20
20076,7
20077,14
20078,20
20080,19
20084,6
20086,7
20088,12
20089,16
20090,6
20091,3
20092,9
20094,5
20096,12
20097,20
20098,13
20100,7
20101,10
20102,9
20103,11
20104,11
20106,4
20112,20
20116,14
20117,15
20121,16
20123,2
20124,7
20126,19
20129,12
20130,8
20131,11
20135,13
20137,10
20138,2
20141,18
20142,7
20143,20
20146,8
20147,1
20148,5
20150,1
20151,13
20156,1
20157,10
20159,7
20160,17
20163,16
20164,17
20165,12
20166,8
20167,3
20169,17
20170,15
20171,20
20172,19
20173,8
20175,11
20176,19
20177,6
20178,7
20179,4
20180,1
20181,9
20182,13
20184,14
20186,20
20187,17
20188,17
20192,3
20193,18
20194,5
20197,6
20199,16
20200,14
20201,18
20203,13
20204,20
20205,12
20208,17
20209,20
20210,11
20211,2
20212,14
20215,14
20217,14
20219,8
20220,13
20221,6
20222,7
20223,10
20224,19
20225,2
20227,13
20229,4
20230,8
20231,12
20232,7
20235,13
20236,16
20237,15
20238,16
20239,8
20241,19
20243,16
20244,1
20245,8
20247,19
20251,20
20255,4
20256,17
20257,7
20258,7
20260,8
20262,9
20263,4
20266,3
20267,2
20271,14
20273,16
20275,18
20277,12
20278,9
20279,9
20280,9
20281,6
20282,13
20283,7
20284,17
20287,12
20288,10
20289,6
20291,10
20295,9
20298,8
20299,18
20300,15
20301,17
20302,11
20303,7
20305,17
20306,3
20307,11
20308,14
20311,6
20312,5
20313,20
20314,11
20315,10
20317,14
20318,9
20321,18
20322,8
20325,1
20326,2
20327,4
20328,9
20330,8
20335,17
20336,10
20337,4
20338,14
20339,4
20343,20
20347,6
20349,16
20350,12
20351,5
20352,13
20354,8
20356,15
20357,12
20358,17
20359,17
20363,9
20364,1
20365,7
20367,7
20369,6
20370,6
20371,20
20373,15
20374,5
20375,19
20377,15
20378,16
20379,4
20380,3
20381,12
20382,3
20383,8
20384,8
20385,1
20386,15
20387,5
20388,4
20390,9
20391,18
20392,6
20393,10
20394,15
20395,13
20397,14
20398,15
20400,16
20401,5
20403,6
20404,7
20405,5
20406,5
20407,12
20408,18
20410,6
20412,16
20413,9
20414,17
20415,11
20416,4
20418,15
20419,9
20420,2
20422,18
20424,5
20425,19
20429,13
20430,20
20431,10
20432,2
20433,10
20434,6
20435,19
20436,17
20437,5
20439,16
20440,17
20441,16
20442,15
20453,16
20455,19
20456,19
20457,9
20458,19
20460,17
20462,20
20467,13
20468,19
20469,17
20471,9
20473,3
20474,8
20475,14
20477,20
20479,19
20480,9
20482,9
20483,2
20484,9
20485,1
20487,1
20488,19
20489,6
20490,18
20492,4
20493,12
20494,9
20495,20
20497,19
20498,10
20500,20
20501,14
20502,19
20503,20
20504,13
20505,8
20506,19
20507,18
20508,11
20511,15
20512,12
20513,18
20515,7
20517,3
20521,14
20525,5
20526,9
20527,2
20529,17
20530,18
20532,5
20534,17
20535,7
20536,10
20537,3
20538,15
20539,1
20540,7
20541,17
20542,15
20543,17
20544,2
20546,19
20547,19
20549,19
20552,18
20553,8
20555,16
20557,9
20558,4
20559,5
20560,17
20562,4
20563,15
20564,4
20565,19
20566,4
20568,20
20569,14
20571,5
20572,1
20573,17
20574,16
20576,18
20578,3
20580,8
20581,3
20582,20
20583,20
20584,9
20586,2
20588,20
20591,6
20592,20
20593,16
20597,16
20598,6
20599,3
20600,10
20604,16
20605,6
20607,17
20610,10
20611,17
20612,2
20613,10
20619,17
20622,13
20625,3
20626,8
20631,14
20632,5
20635,7
20636,8
20638,6
20639,5
20642,15
20644,7
20647,6
20648,1
20649,3
20650,15
20651,13
20652,5
20658,20
20659,2
20660,11
20661,17
20663,20
20664,20
20666,15
20668,3
20671,8
20674,15
20675,12
20676,2
20677,18
20679,12
20680,10
20681,13
20682,6
20683,20
20684,7
20685,16
20686,16
20689,10
20690,20
20692,3
20694,9
20695,9
20696,12
20697,10
20698,15
20700,3
20702,16
20703,5
20704,6
20710,13
20712,10
20713,12
20716,10
20717,9
20718,9
20719,20
20721,6
20724,7
20726,11
20727,15
20728,11
20729,1
20730,15
20732,11
20733,9
20734,5
20735,17
20736,8
20737,9
20738,1
20740,13
20743,17
20744,1
20745,4
20746,14
20747,17
20748,20
20749,1
20750,13
20752,2
20753,14
20754,11
20755,12
20756,8
20757,15
20758,16
20759,14
20760,9
20761,13
20764,4
20766,2
20768,13
20769,11
20770,4
20772,6
20773,15
20774,4
20775,12
20776,7
20777,13
20779,5
20780,1
20781,16
20782,6
20785,19
20786,18
20788,12
20790,14
20791,14
20793,11
20794,5
20795,16
20796,20
20798,6
20799,4
20800,10
20804,10
20805,14
20806,13
20807,13
20808,16
20809,7
20811,10
20813,4
20814,16
20815,12
20817,10
20818,5
20819,19
20820,9
20821,12
20823,6
20824,20
20825,14
20828,9
20830,18
20832,14
20833,14
20834,9
20835,5
20836,17
20837,20
20838,4
20839,13
20840,12
20842,13
20843,17
20844,18
20846,5
20847,20
20849,13
20850,18
20851,13
20852,1
20854,8
20856,8
20858,9
20859,5
20860,7
20863,4
20867,15
20869,9
20871,14
20874,20
20875,18
20876,19
20877,9
20879,3
20881,3
20882,4
20883,11
20884,17
20885,11
20890,6
20892,16
20894,10
20895,1
20896,19
20897,14
20900,3
20902,18
20903,9
20904,15
20905,14
20909,17
20910,13
20912,6
20913,20
20917,15
20918,13
20920,17
20921,11
20923,20
20925,12
20926,11
20927,7
20929,2
20930,19
20931,17
20932,3
20933,9
20935,17
20936,16
20937,8
20938,5
20939,7
20940,17
20941,4
20942,7
20944,18
20945,18
20947,16
20948,4
20949,10
20955,17
20956,9
20957,15
20958,17
20959,10
20960,20
20961,5
20962,8
20963,7
20964,16
20965,7
20967,6
20969,5
20970,15
20971,10
20974,1
20976,16
20977,14
20978,5
20979,15
20980,9
20982,2
20984,6
20986,16
20987,11
20994,16
20995,14
21001,8
21003,12
21004,9
21005,19
21006,2
21007,5
21008,5
21009,18
21011,2
21012,13
21014,10
21015,3
21016,8
21020,10
21021,16
21022,16
21024,17
21025,4
21026,4
21027,14
21028,8
21029,2
21030,8
21031,14
21032,17
21033,9
21034,11
21036,20
21037,15
21039,18
21040,2
21041,16
21042,15
21043,6
21044,13
21045,4
21046,19
21048,14
21049,15
21050,2
21051,18
21052,2
21053,4
21054,20
21056,2
21057,15
21058,14
21059,20
21060,17
21062,4
21064,2
21065,7
21066,10
21067,7
21069,3
21070,13
21071,11
21072,2
21074,17
21075,5
21076,15
21077,5
21082,5
21083,3
21084,19
21085,9
21086,15
21087,11
21088,5
21089,20
21090,5
21091,8
21092,4
21093,6
21094,13
21095,6
21099,15
21100,18
21101,14
21102,5
21105,14
21107,10
21108,1
21110,9
21112,16
21113,12
21115,2
21116,7
21117,9
21118,5
21119,17
21121,9
21124,6
21129,16
21131,13
21135,10
21136,4
21141,7
21142,4
21143,17
21144,15
21146,15
21149,15
21150,17
21152,1
21155,8
21157,12
21158,11
21159,18
21160,2
21161,14
21162,5
21164,12
21167,7
21169,16
21170,1
21171,13
21172,16
21173,3
21174,20
21175,2
21176,20
21177,13
21179,16
21181,15
21182,11
21183,15
21184,4
21185,15
21186,16
21187,7
21194,2
21195,4
21197,8
21198,15
21199,14
21200,7
21201,2
21205,5
21206,7
21207,17
21208,19
21216,14
21217,6
21218,2
21219,7
21220,3
21225,3
21227,4
21228,14
21229,4
21230,11
21231,14
21233,4
21235,1
21237,14
21239,10
21240,13
21242,12
21243,3
21244,11
21245,10
21246,20
21247,7
21248,19
21249,20
21250,10
21251,20
21253,1
21254,20
21256,12
21258,5
21260,13
21261,9
21262,14
21266,5
21270,11
21271,18
21272,4
21274,17
21275,19
21276,18
21277,7
21278,7
21280,16
21281,17
21282,5
21283,4
21284,16
21285,19
21286,13
21287,9
21289,18
21290,3
21291,12
21292,6
21293,13
21294,19
21295,3
21296,18
21298,19
21299,17
21301,8
21303,6
21305,1
21306,20
21307,4
21309,17
21310,1
21311,18
21313,4
21316,10
21318,14
21320,8
21322,19
21324,10
21325,17
21326,17
21327,14
21328,14
21330,17
21332,18
21334,18
21335,18
21337,8
21339,14
21341,19
21343,6
21344,9
21348,19
21349,9
21350,15
21351,8
21352,12
21353,17
21355,8
21356,13
21357,13
21358,13
21359,4
21360,10
21363,16
21364,2
21367,7
21370,18
21372,3
21373,2
21374,1
21375,10
21376,7
21378,12
21380,17
21381,12
21382,7
21383,2
21387,4
21388,16
21389,3
21390,11
21391,3
21392,16
21394,14
21395,7
21396,2
21399,19
21400,2
21401,7
21402,17
21403,2
21406,6
21407,8
21408,9
21411,7
21412,18
21414,13
21415,10
21416,19
21417,1
21418,18
21419,18
21420,1
21421,3
21423,8
21425,19
21431,10
21433,3
21434,14
21435,9
21436,7
21437,2
21438,14
21440,8
21442,15
21443,12
21444,6
21445,6
21446,8
21448,3
21450,17
21452,17
21455,1
21456,11
21458,6
21460,2
21461,11
21462,16
21463,11
21464,1
21466,10
21467,7
21468,5
21469,15
21471,10
21473,9
21475,13
21476,13
21478,11
21479,9
21480,18
21481,16
21482,9
21483,8
21485,9
21486,18
21488,3
21490,2
21492,8
21493,18
21494,10
21495,3
21497,13
21498,6
21499,10
21500,17
21501,19
21503,9
21504,14
21506,17
21507,10
21508,11
21510,18
21511,6
21512,13
21513,9
21516,18
21517,5
21518,17
21519,13
21520,4
21523,8
21526,7
21527,5
21528,1
21529,9
21531,16
21532,3
21534,7
21535,20
21536,18
21537,10
21539,16
21540,15
21541,6
21543,12
21544,10
21545,9
21549,8
21550,2
21551,16
21553,13
21555,3
21556,4
21557,14
21558,20
21559,6
21560,5
21561,2
21562,19
21563,15
21566,13
21567,16
21568,5
21570,3
21572,14
21573,20
21574,16
21575,20
21576,8
21578,15
21579,8
21580,14
21581,13
21582,1
21584,2
21586,1
21587,2
21588,11
21589,19
21590,11
21596,7
21597,16
21598,4
21599,4
21600,13
21601,20
21604,13
21608,13
21609,18
21611,11
21612,4
21613,11
21615,7
21616,1
21617,16
21618,15
21619,20
21622,13
21624,10
21628,15
21629,14
21631,16
21632,18
21633,5
21635,3
21638,7
21640,1
21643,14
21645,2
21647,19
21648,13
21649,5
21650,16
21651,2
21652,18
21653,1
21654,19
21655,16
21656,8
21657,18
21658,7
21659,2
21660,10
21662,6
21663,18
21664,4
21667,5
21669,7
21670,1
21671,20
21672,16
21673,5
21674,8
21676,2
21677,1
21680,20
21681,1
21683,3
21684,3
21685,9
21686,20
21689,17
21690,6
21692,5
21693,12
21694,19
21699,18
21701,10
21702,8
21703,7
21704,19
21705,15
21706,7
21708,17
21709,6
21710,2
21711,16
21712,15
21713,2
21714,8
21715,12
21716,11
21719,13
21725,5
21726,16
21728,11
21729,8
21731,10
21732,10
21733,19
21734,16
21739,1
21740,9
21741,4
21743,20
21745,5
21746,6
21748,8
21750,6
21751,15
21752,15
21758,15
21761,9
21762,19
21763,14
21768,2
21770,9
21772,9
21773,20
21776,8
21779,5
21782,11
21783,10
21785,18
21786,2
21787,18
21788,18
21789,8
21790,6
21792,13
21794,13
21795,18
21797,18
21798,19
21799,17
21800,11
21802,3
21804,7
21805,1
21807,7
21808,17
21810,3
21812,18
21814,14
21818,3
21820,4
21821,2
21823,8
21825,5
21828,17
21829,5
21831,5
21832,13
21837,8
21838,18
21839,20
21841,19
21842,19
21844,19
21846,14
21848,3
21849,3
21853,4
21856,14
21860,16
21861,14
21862,18
21863,18
21865,3
21866,18
21867,17
21868,19
21870,20
21871,3
21872,5
21877,7
21878,5
21879,12
21880,15
21882,11
21885,13
21886,2
21888,10
21889,7
21890,10
21892,11
21893,4
21894,3
21895,5
21896,9
21898,3
21899,13
21900,13
21902,1
21903,1
21904,19
21905,13
21907,16
21908,20
21909,5
21910,10
21914,14
21915,9
21917,6
21918,18
21919,2
21920,5
21921,13
21923,1
21924,5
21926,16
21927,17
21929,18
21930,8
21932,10
21933,6
21934,16
21935,18
21936,17
21937,14
21940,10
21943,4
21944,11
21946,15
21947,5
21949,17
21950,5
21951,10
21952,13
21953,18
21955,8
21956,13
21957,6
21958,18
21960,20
21962,17
21963,16
21965,10
21966,3
21967,5
21968,8
21970,20
21971,12
21972,10
21973,16
21974,19
21975,17
21976,20
21977,2
21978,5
21980,14
21982,18
21987,3
21988,1
21991,19
21992,14
21995,11
21996,20
21997,19
22001,18
22003,7
22004,11
22007,8
22008,4
22009,5
22013,8
22014,18
22016,9
22017,10
22019,10
22020,5
22021,5
22022,8
22023,4
22024,2
22025,8
22027,19
22028,20
22029,14
22030,12
22031,4
22032,13
22034,9
22035,7
22038,19
22039,12
22042,15
22044,6
22046,15
22052,14
22053,5
22054,3
22056,18
22058,11
22059,16
22060,3
22063,8
22064,11
22065,16
22066,10
22070,16
22071,10
22073,7
22074,20
22075,7
22078,4
22081,10
22084,12
22085,19
22087,7
22088,1
22091,20
22092,4
22093,16
22094,13
22095,16
22096,7
22097,8
22099,10
22101,11
22104,2
22105,8
22106,10
22109,2
22110,9
22112,5
22113,13
22115,5
22116,8
22121,19
22123,6
22124,9
22126,12
22127,18
22129,9
22130,7
22133,17
22134,12
22136,16
22137,17
22140,10
22141,14
22143,14
22145,6
22146,4
22148,4
22150,13
22152,18
22154,7
22155,12
22156,4
22157,11
22158,12
22159,14
22162,9
22163,5
22164,10
22165,6
22168,5
22170,18
22171,14
22172,12
22173,9
22174,14
22176,4
22177,7
22179,8
22183,10
22184,6
22185,20
22187,5
22191,7
22192,10
22193,15
22194,16
22197,13
22198,3
22199,19
22200,11
22202,9
22203,15
22204,15
22206,11
22208,18
22210,1
22211,13
22212,6
22214,20
22216,7
22219,7
22220,14
22221,11
22222,3
22226,5
22227,2
22230,7
22231,10
22232,20
22236,9
22237,3
22238,12
22240,9
22241,13
22242,9
22243,14
22244,11
22245,13
22248,19
22249,6
22250,19
22251,1
22252,11
22253,5
22254,5
22257,11
22258,2
22259,16
22263,1
22264,3
22265,20
22266,17
22267,1
22268,10
22269,19
22272,5
22273,14
22274,12
22275,7
22279,5
22281,14
22283,11
22284,20
22286,17
22288,7
22290,4
22291,15
22292,6
22293,8
22294,20
22295,1
22296,18
22297,12
22298,7
22300,3
22301,7
22302,20
22303,15
22304,19
22305,15
22306,19
22307,20
22308,17
22309,19
22312,16
22313,20
22314,7
22316,6
22319,8
22320,14
22321,18
22322,17
22324,2
22325,14
22326,8
22329,15
22331,10
22332,4
22333,15
22334,17
22335,6
22336,20
22338,16
22339,2
22340,9
22342,19
22343,2
22344,3
22345,5
22346,5
22347,19
22349,12
22352,15
22360,20
22361,3
22362,5
22363,17
22364,14
22365,17
22366,18
22368,12
22369,11
22370,10
22371,19
22373,12
22375,16
22376,6
22378,16
22379,2
22381,14
22383,13
22386,11
22389,9
22390,14
22391,13
22392,5
22393,3
22394,20
22396,17
22397,14
22399,11
22402,6
22404,13
22406,4
22407,7
22409,10
22410,12
22411,13
22412,4
22413,3
22414,15
22415,2
22416,2
22417,14
22419,11
22420,14
22421,19
22423,20
22425,9
22426,9
22428,5
22429,7
22432,3
22436,8
22437,11
22438,4
22439,2
22440,20
22441,19
22442,3
22443,19
22444,11
22445,13
22447,12
22448,17
22449,17
22454,17
22455,9
22456,14
22457,1
22459,3
22460,10
22462,14
22464,7
22466,5
22471,9
22472,3
22473,8
22474,4
22475,4
22476,6
22477,6
22480,18
22482,16
22483,17
22484,3
22485,12
22487,12
22488,7
22489,16
22490,8
22491,10
22493,11
22494,18
22497,16
22498,6
22503,13
22504,12
22506,7
22507,2
22508,15
22511,17
22512,3
22513,7
22514,20
22515,17
22516,11
22517,16
22518,20
22519,20
22520,16
22521,17
22523,16
22525,10
22526,3
22527,8
22529,18
22531,2
22532,5
22533,13
22535,7
22539,9
22540,14
22541,16
22542,17
22543,3
22544,17
22545,14
22549,5
22550,19
22551,11
22553,7
22555,1
22558,11
22561,11
22563,19
22564,5
22565,19
22571,6
22572,14
22573,3
22574,6
22575,20
22576,12
22577,7
22580,11
22582,8
22583,20
22586,20
22587,9
22589,1
22590,6
22593,16
22595,16
22596,18
22599,13
22600,8
22601,18
22602,9
22604,9
22606,8
22609,12
22610,11
22611,10
22612,12
22614,20
22615,4
22616,8
22617,2
22620,1
22621,17
22622,1
22623,15
22626,14
22627,8
22628,8
22630,16
22632,11
22634,19
22636,19
22637,15
22639,2
22644,14
22645,7
22646,14
22647,20
22649,12
22650,20
22651,15
22653,19
22654,2
22655,1
22656,3
22657,10
22658,6
22661,2
22663,18
22664,15
22668,8
22670,12
22671,13
22674,20
22676,4
22677,4
22678,3
22679,3
22680,19
22682,11
22683,18
22684,5
22686,2
22687,7
22689,5
22691,5
22692,1
22694,19
22695,14
22697,7
22699,15
22700,11
22702,2
22703,16
22704,2
22705,10
22706,14
22708,11
22710,7
22711,8
22712,11
22714,2
22715,17
22716,1
22718,3
22720,5
22722,17
22724,14
22725,19
22726,13
22727,5
22730,2
22731,4
22733,6
22735,4
22736,1
22737,2
22738,15
22739,1
22740,5
22743,11
22745,20
22747,17
22748,7
22749,8
22753,5
22755,17
22756,11
22757,6
22758,13
22759,20
22762,11
22763,6
22770,14
22771,10
22772,7
22773,17
22774,17
22776,16
22778,8
22781,10
22783,2
22784,19
22787,5
22789,3
22791,9
22792,5
22794,10
22796,20
22797,15
22798,4
22799,13
22801,20
22802,5
22804,6
22806,10
22807,20
22808,20
22809,11
22811,1
22813,1
22814,4
22817,2
22819,1
22820,11
22823,4
22825,6
22827,8
22828,10
22829,16
22831,11
22832,2
22834,10
22835,2
22836,3
22838,7
22843,3
22844,12
22845,15
22846,18
22849,4
22850,3
22851,19
22852,4
22854,18
22855,9
22856,8
22857,20
22859,8
22860,2
22861,12
22862,17
22865,19
22866,4
22867,2
22869,17
22870,3
22875,6
22876,9
22877,5
22878,4
22879,12
22880,7
22881,3
22884,17
22885,4
22886,14
22887,13
22888,10
22891,16
22892,15
22893,13
22895,10
22896,20
22897,14
22899,7
22900,1
22901,11
22904,20
22905,14
22906,18
22907,7
22909,9
22910,3
22911,3
22913,11
22915,7
22917,14
22920,9
22924,6
22927,12
22928,11
22929,20
22932,7
22934,1
22935,13
22936,16
22937,5
22938,7
22940,1
22944,16
22946,1
22947,3
22949,10
22951,15
22952,16
22953,4
22954,18
22955,4
22956,14
22957,9
22960,13
22961,14
22963,9
22964,17
22967,7
22968,20
22970,4
22973,11
22974,10
22978,17
22980,13
22984,14
22989,1
22990,13
22991,13
22994,13
22996,15
22998,15
22999,8
23001,4
23002,12
23003,1
23004,4
23005,10
23006,10
23007,10
23009,17
23010,18
23011,9
23013,18
23014,5
23016,7
23017,6
23018,16
23019,11
23020,12
23021,16
23022,8
23023,1
23024,2
23027,4
23028,19
23029,15
23030,11
23033,9
23035,3
23039,18
23040,5
23041,8
23042,14
23043,18
23044,5
23046,15
23047,18
23048,20
23050,20
23051,17
23052,8
23054,16
23055,8
23056,19
23057,10
23058,5
23061,6
23064,13
23067,15
23069,7
23071,6
23073,9
23078,20
23079,11
23080,16
23081,6
23082,4
23083,3
23084,3
23085,7
23089,4
23093,14
23094,1
23097,20
23099,14
23100,7
23103,10
23104,14
23105,3
23107,13
23108,8
23109,8
23110,2
23113,13
23115,8
23116,11
23117,9
23118,13
23119,16
23120,6
23121,19
23122,15
23123,6
23125,8
23128,5
23129,10
23130,15
23132,13
23137,20
23140,19
23141,10
23144,18
23145,17
23146,19
23147,2
23148,9
23149,3
23150,9
23151,3
23154,6
23155,17
23157,5
23160,16
23161,1
23162,14
23164,2
23165,13
23166,9
23170,5
23172,17
23173,18
23176,13
23179,6
23180,5
23181,4
23182,5
23183,3
23184,17
23185,2
23186,13
23188,1
23190,6
23191,3
23192,10
23193,13
23197,17
23200,13
23201,4
23202,5
23203,5
23205,9
23206,5
23207,9
23208,9
23210,10
23212,19
23213,3
23214,5
23215,8
23221,16
23223,16
23224,10
23226,15
23227,12
23229,11
23230,12
23232,18
23233,20
23236,16
23237,8
23238,1
23240,14
23241,19
23242,12
23243,17
23245,6
23248,11
23249,4
23250,5
23251,15
23252,10
23253,18
23254,5
23257,7
23258,11
23259,11
23260,4
23262,17
23263,1
23264,5
23267,9
23268,4
23269,7
23270,19
23271,4
23272,3
23273,9
23274,19
23275,14
23277,9
23278,5
23280,11
23281,12
23283,4
23284,15
23287,17
23288,18
23289,19
23290,18
23291,6
23293,15
23295,18
23296,17
23298,15
23299,17
23301,10
23303,15
23305,20
23308,12
23309,15
23310,20
23311,7
23313,11
23314,5
23316,13
23318,3
23320,6
23321,17
23324,2
23325,12
23326,6
23327,7
23328,7
23330,10
23332,15
23334,9
23335,14
23338,5
23340,8
23341,14
23343,15
23345,17
23346,18
23348,3
23351,4
23352,4
23353,2
23355,18
23356,13
23357,7
23358,5
23359,13
23360,4
23361,3
23365,19
23366,8
23368,10
23369,3
23370,3
23371,1
23373,4
23374,10
23376,7
23377,1
23378,19
23379,10
23380,11
23381,14
23383,1
23384,7
23385,19
23386,6
23387,1
23388,5
23390,8
23391,20
23392,4
23394,14
23395,12
23397,5
23398,6
23400,9
23402,1
23404,19
23405,15
23407,9
23408,18
23410,5
23411,18
23412,4
23413,12
23417,7
23419,2
23420,8
23421,14
23423,20
23425,1
23427,5
23428,7
23430,17
23431,14
23432,13
23433,13
23434,6
23435,8
23438,15
23439,6
23440,2
23441,20
23445,12
23447,7
23449,19
23450,1
23452,7
23453,19
23454,17
23455,13
23457,10
23458,13
23459,8
23460,15
23461,11
23463,20
23464,18
23466,17
23467,8
23469,6
23471,15
23472,17
23473,7
23474,7
23475,10
23478,9
23479,9
23480,2
23482,19
23483,7
23485,20
23486,16
23487,1
23488,13
23489,4
23490,5
23491,1
23493,3
23494,4
23495,13
23496,13
23498,8
23499,9
23500,13
23501,8
23502,10
23503,6
23504,11
23505,15
23506,10
23507,5
23509,5
23510,5
23511,5
23513,8
23517,15
23518,20
23519,20
23520,1
23521,7
23522,20
23523,2
23525,7
23527,7
23529,16
23531,11
23532,3
23534,19
23536,12
23537,16
23538,10
23539,11
23540,2
23541,2
23542,15
23543,9
23544,3
23547,6
23548,20
23549,7
23550,2
23551,5
23552,11
23556,17
23557,19
23558,17
23559,8
23561,19
23562,10
23564,15
23566,13
23567,9
23568,9
23571,19
23573,20
23574,17
23575,16
23576,6
23577,15
23578,5
23579,3
23580,14
23581,17
23582,9
23583,16
23586,13
23587,12
23589,5
23590,18
23592,9
23593,13
23595,3
23596,16
23597,4
23598,19
23599,18
23601,14
23602,5
23603,17
23604,7
23605,12
23606,10
23608,3
23609,4
23610,15
23611,4
23612,5
23614,3
23615,5
23616,10
23618,17
23619,15
23620,18
23624,19
23625,4
23632,18
23633,1
23634,2
23635,4
23638,16
23639,7
23641,10
23643,10
23644,9
23645,8
23647,7
23651,10
23654,13
23656,8
23658,8
23659,1
23660,3
23661,16
23662,15
23664,11
23666,5
23667,11
23668,19
23670,2
23671,18
23672,17
23675,1
23676,8
23677,16
23681,12
23682,8
23683,9
23684,1
23686,11
23688,16
23689,11
23690,7
23691,11
23692,3
23693,7
23694,7
23695,19
23698,19
23701,7
23705,9
23712,10
23714,20
23715,10
23716,5
23719,17
23720,19
23722,1
23723,4
23724,9
23725,8
23727,10
23728,3
23729,5
23730,20
23732,13
23733,11
23734,19
23735,16
23736,3
23737,1
23738,15
23740,10
23741,14
23742,5
23743,3
23747,16
23749,19
23751,14
23754,4
23755,9
23756,12
23757,2
23758,14
23760,12
23761,4
23763,15
23764,2
23766,19
23768,15
23769,9
23770,19
23772,15
23775,11
23777,18
23778,4
23780,18
23781,1
23784,14
23785,6
23786,14
23787,2
23788,12
23790,19
23791,7
23793,7
23794,19
23795,10
23796,16
23798,6
23799,15
23800,18
23801,12
23802,13
23803,6
23804,19
23805,15
23806,12
23807,9
23808,3
23811,1
23812,2
23814,18
23815,1
23816,6
23817,11
23818,8
23819,18
23820,12
23821,2
23822,3
23824,5
23827,4
23828,4
23832,8
23833,4
23835,8
23836,13
23838,8
23842,12
23845,1
23850,11
23852,2
23853,7
23854,6
23855,18
23856,4
23857,6
23861,19
23862,10
23863,13
23866,3
23867,3
23868,18
23869,6
23872,14
23873,13
23874,7
23877,10
23878,11
23879,2
23880,7
23881,6
23882,16
23883,5
23884,14
23885,13
23886,12
23887,13
23889,16
23894,12
23896,5
23897,7
23900,17
23902,10
23904,14
23905,2
23910,2
23912,16
23914,3
23918,6
23919,5
23921,4
23925,15
23926,13
23927,9
23928,20
23929,4
23930,17
23931,8
23932,5
23933,6
23936,3
23942,15
23943,3
23945,13
23947,7
23948,19
23950,3
23951,17
23953,6
23958,20
23959,18
23963,6
23965,17
23967,13
23968,8
23970,10
23972,17
23974,18
23975,7
23977,16
23978,1
23980,3
23981,7
23982,18
23985,18
23987,11
23988,5
23989,8
23990,4
23993,15
23994,20
23995,2
23996,3
23997,3
23999,18
